time,teta,dteta,torque
0.0000,0.0000,0.0000,0.0000
0.0125,0.0393,3.1408,-0.4319
0.0250,0.0785,3.1359,-0.2349
0.0375,0.1175,3.1263,-0.0376
0.0500,0.1564,3.1118,0.1598
0.0625,0.1951,3.0925,0.3570
0.0750,0.2334,3.0684,0.5535
0.0875,0.2714,3.0396,0.7493
0.1000,0.3090,3.0061,0.9439
0.1125,0.3461,2.9680,1.1370
0.1250,0.3827,2.9253,1.3284
0.1375,0.4187,2.8781,1.5177
0.1500,0.4540,2.8265,1.7047
0.1625,0.4886,2.7705,1.8890
0.1750,0.5225,2.7102,2.0705
0.1875,0.5556,2.6457,2.2487
0.2000,0.5878,2.5772,2.4235
0.2125,0.6191,2.5047,2.5945
0.2250,0.6494,2.4283,2.7616
0.2375,0.6788,2.3482,2.9244
0.2500,0.7071,2.2645,3.0826
0.2625,0.7343,2.1773,3.2362
0.2750,0.7604,2.0867,3.3847
0.2875,0.7853,1.9929,3.5280
0.3000,0.8090,1.8960,3.6659
0.3125,0.8315,1.7962,3.7981
0.3250,0.8526,1.6936,3.9245
0.3375,0.8725,1.5885,4.0448
0.3500,0.8910,1.4808,4.1589
0.3625,0.9081,1.3709,4.2665
0.3750,0.9239,1.2589,4.3676
0.3875,0.9382,1.1449,4.4620
0.4000,0.9511,1.0292,4.5494
0.4125,0.9625,0.9119,4.6299
0.4250,0.9724,0.7932,4.7032
0.4375,0.9808,0.6732,4.7693
0.4500,0.9877,0.5522,4.8280
0.4625,0.9931,0.4304,4.8793
0.4750,0.9969,0.3079,4.9230
0.4875,0.9992,0.1849,4.9592
0.5000,1.0000,0.0617,4.9877
0.5125,0.9992,-0.0617,5.0085
0.5250,0.9969,-0.1849,5.0216
0.5375,0.9931,-0.3079,5.0269
0.5500,0.9877,-0.4304,5.0245
0.5625,0.9808,-0.5522,5.0144
0.5750,0.9724,-0.6732,4.9965
0.5875,0.9625,-0.7932,4.9709
0.6000,0.9511,-0.9119,4.9377
0.6125,0.9382,-1.0292,4.8968
0.6250,0.9239,-1.1449,4.8484
0.6375,0.9081,-1.2589,4.7925
0.6500,0.8910,-1.3709,4.7292
0.6625,0.8725,-1.4808,4.6586
0.6750,0.8526,-1.5885,4.5809
0.6875,0.8315,-1.6936,4.4961
0.7000,0.8090,-1.7962,4.4043
0.7125,0.7853,-1.8960,4.3058
0.7250,0.7604,-1.9929,4.2006
0.7375,0.7343,-2.0867,4.0889
0.7500,0.7071,-2.1773,3.9710
0.7625,0.6788,-2.2645,3.8469
0.7750,0.6494,-2.3482,3.7169
0.7875,0.6191,-2.4283,3.5811
0.8000,0.5878,-2.5047,3.4399
0.8125,0.5556,-2.5772,3.2933
0.8250,0.5225,-2.6457,3.1416
0.8375,0.4886,-2.7102,2.9851
0.8500,0.4540,-2.7705,2.8240
0.8625,0.4187,-2.8265,2.6586
0.8750,0.3827,-2.8781,2.4890
0.8875,0.3461,-2.9253,2.3156
0.9000,0.3090,-2.9680,2.1387
0.9125,0.2714,-3.0061,1.9584
0.9250,0.2334,-3.0396,1.7751
0.9375,0.1951,-3.0684,1.5891
0.9500,0.1564,-3.0925,1.4007
0.9625,0.1175,-3.1118,1.2100
0.9750,0.0785,-3.1263,1.0176
0.9875,0.0393,-3.1359,0.8235
1.0000,0.0000,-3.1408,0.6282
1.0125,-0.0393,-3.1408,0.4319
1.0250,-0.0785,-3.1359,0.2349
1.0375,-0.1175,-3.1263,0.0376
1.0500,-0.1564,-3.1117,-0.1598
1.0625,-0.1951,-3.0925,-0.3570
1.0750,-0.2334,-3.0684,-0.5535
1.0875,-0.2714,-3.0396,-0.7493
1.1000,-0.3090,-3.0061,-0.9439
1.1125,-0.3461,-2.9680,-1.1370
1.1250,-0.3827,-2.9253,-1.3284
1.1375,-0.4187,-2.8781,-1.5177
1.1500,-0.4540,-2.8264,-1.7047
1.1625,-0.4886,-2.7705,-1.8890
1.1750,-0.5225,-2.7102,-2.0705
1.1875,-0.5556,-2.6457,-2.2487
1.2000,-0.5878,-2.5772,-2.4235
1.2125,-0.6191,-2.5047,-2.5945
1.2250,-0.6494,-2.4283,-2.7616
1.2375,-0.6788,-2.3482,-2.9244
1.2500,-0.7071,-2.2645,-3.0826
1.2625,-0.7343,-2.1773,-3.2362
1.2750,-0.7604,-2.0867,-3.3847
1.2875,-0.7853,-1.9929,-3.5280
1.3000,-0.8090,-1.8960,-3.6659
1.3125,-0.8315,-1.7962,-3.7981
1.3250,-0.8526,-1.6937,-3.9245
1.3375,-0.8725,-1.5885,-4.0448
1.3500,-0.8910,-1.4808,-4.1589
1.3625,-0.9081,-1.3709,-4.2665
1.3750,-0.9239,-1.2589,-4.3676
1.3875,-0.9382,-1.1450,-4.4620
1.4000,-0.9511,-1.0292,-4.5494
1.4125,-0.9625,-0.9119,-4.6299
1.4250,-0.9724,-0.7932,-4.7032
1.4375,-0.9808,-0.6732,-4.7693
1.4500,-0.9877,-0.5522,-4.8280
1.4625,-0.9931,-0.4304,-4.8793
1.4750,-0.9969,-0.3079,-4.9230
1.4875,-0.9992,-0.1849,-4.9592
1.5000,-1.0000,-0.0617,-4.9877
1.5125,-0.9992,0.0617,-5.0085
1.5250,-0.9969,0.1849,-5.0216
1.5375,-0.9931,0.3079,-5.0269
1.5500,-0.9877,0.4304,-5.0245
1.5625,-0.9808,0.5522,-5.0144
1.5750,-0.9724,0.6732,-4.9965
1.5875,-0.9625,0.7932,-4.9709
1.6000,-0.9511,0.9119,-4.9377
1.6125,-0.9382,1.0292,-4.8968
1.6250,-0.9239,1.1450,-4.8484
1.6375,-0.9081,1.2589,-4.7925
1.6500,-0.8910,1.3709,-4.7292
1.6625,-0.8725,1.4808,-4.6586
1.6750,-0.8526,1.5885,-4.5809
1.6875,-0.8315,1.6937,-4.4961
1.7000,-0.8090,1.7962,-4.4043
1.7125,-0.7853,1.8960,-4.3058
1.7250,-0.7604,1.9929,-4.2006
1.7375,-0.7343,2.0867,-4.0889
1.7500,-0.7071,2.1773,-3.9710
1.7625,-0.6788,2.2645,-3.8469
1.7750,-0.6494,2.3482,-3.7169
1.7875,-0.6191,2.4283,-3.5811
1.8000,-0.5878,2.5047,-3.4399
1.8125,-0.5556,2.5772,-3.2933
1.8250,-0.5225,2.6457,-3.1416
1.8375,-0.4886,2.7102,-2.9851
1.8500,-0.4540,2.7705,-2.8240
1.8625,-0.4187,2.8264,-2.6586
1.8750,-0.3827,2.8781,-2.4890
1.8875,-0.3461,2.9253,-2.3156
1.9000,-0.3090,2.9680,-2.1387
1.9125,-0.2714,3.0061,-1.9584
1.9250,-0.2334,3.0396,-1.7751
1.9375,-0.1951,3.0684,-1.5891
1.9500,-0.1564,3.0925,-1.4007
1.9625,-0.1175,3.1117,-1.2100
1.9750,-0.0785,3.1263,-1.0176
1.9875,-0.0393,3.1359,-0.8235
2.0000,-0.0000,3.1408,-0.6282
2.0125,0.0393,3.1408,-0.4319
2.0250,0.0785,3.1360,-0.2349
2.0375,0.1175,3.1262,-0.0376
2.0500,0.1564,3.1118,0.1598
2.0625,0.1951,3.0925,0.3570
2.0750,0.2334,3.0684,0.5535
2.0875,0.2714,3.0396,0.7493
2.1000,0.3090,3.0061,0.9439
2.1125,0.3461,2.9680,1.1370
2.1250,0.3827,2.9253,1.3284
2.1375,0.4187,2.8781,1.5177
2.1500,0.4540,2.8265,1.7047
2.1625,0.4886,2.7704,1.8890
2.1750,0.5225,2.7102,2.0705
2.1875,0.5556,2.6457,2.2487
2.2000,0.5878,2.5772,2.4235
2.2125,0.6191,2.5047,2.5945
2.2250,0.6494,2.4283,2.7616
2.2375,0.6788,2.3482,2.9244
2.2500,0.7071,2.2645,3.0826
2.2625,0.7343,2.1773,3.2362
2.2750,0.7604,2.0867,3.3847
2.2875,0.7853,1.9929,3.5280
2.3000,0.8090,1.8960,3.6659
2.3125,0.8315,1.7962,3.7981
2.3250,0.8526,1.6937,3.9245
2.3375,0.8725,1.5885,4.0448
2.3500,0.8910,1.4808,4.1589
2.3625,0.9081,1.3709,4.2665
2.3750,0.9239,1.2589,4.3676
2.3875,0.9382,1.1450,4.4620
2.4000,0.9511,1.0292,4.5494
2.4125,0.9625,0.9119,4.6299
2.4250,0.9724,0.7932,4.7032
2.4375,0.9808,0.6732,4.7693
2.4500,0.9877,0.5522,4.8280
2.4625,0.9931,0.4304,4.8793
2.4750,0.9969,0.3079,4.9230
2.4875,0.9992,0.1849,4.9592
2.5000,1.0000,0.0617,4.9877
2.5125,0.9992,-0.0617,5.0085
2.5250,0.9969,-0.1849,5.0216
2.5375,0.9931,-0.3079,5.0269
2.5500,0.9877,-0.4304,5.0245
2.5625,0.9808,-0.5522,5.0144
2.5750,0.9724,-0.6732,4.9965
2.5875,0.9625,-0.7932,4.9709
2.6000,0.9511,-0.9119,4.9377
2.6125,0.9382,-1.0292,4.8968
2.6250,0.9239,-1.1450,4.8484
2.6375,0.9081,-1.2589,4.7925
2.6500,0.8910,-1.3709,4.7292
2.6625,0.8725,-1.4808,4.6586
2.6750,0.8526,-1.5885,4.5809
2.6875,0.8315,-1.6937,4.4961
2.7000,0.8090,-1.7962,4.4043
2.7125,0.7853,-1.8960,4.3058
2.7250,0.7604,-1.9929,4.2006
2.7375,0.7343,-2.0867,4.0889
2.7500,0.7071,-2.1773,3.9710
2.7625,0.6788,-2.2645,3.8469
2.7750,0.6494,-2.3482,3.7169
2.7875,0.6191,-2.4283,3.5811
2.8000,0.5878,-2.5047,3.4399
2.8125,0.5556,-2.5772,3.2933
2.8250,0.5225,-2.6457,3.1416
2.8375,0.4886,-2.7102,2.9851
2.8500,0.4540,-2.7704,2.8240
2.8625,0.4187,-2.8265,2.6586
2.8750,0.3827,-2.8781,2.4890
2.8875,0.3461,-2.9253,2.3156
2.9000,0.3090,-2.9680,2.1387
2.9125,0.2714,-3.0061,1.9584
2.9250,0.2334,-3.0396,1.7752
2.9375,0.1951,-3.0684,1.5891
2.9500,0.1564,-3.0925,1.4007
2.9625,0.1175,-3.1118,1.2100
2.9750,0.0785,-3.1262,1.0175
2.9875,0.0393,-3.1360,0.8235
3.0000,0.0000,-3.1408,0.6282
3.0125,-0.0393,-3.1408,0.4319
3.0250,-0.0785,-3.1360,0.2349
3.0375,-0.1175,-3.1262,0.0376
3.0500,-0.1564,-3.1118,-0.1598
3.0625,-0.1951,-3.0925,-0.3570
3.0750,-0.2334,-3.0684,-0.5535
3.0875,-0.2714,-3.0396,-0.7493
3.1000,-0.3090,-3.0061,-0.9439
3.1125,-0.3461,-2.9680,-1.1370
3.1250,-0.3827,-2.9253,-1.3284
3.1375,-0.4187,-2.8781,-1.5177
3.1500,-0.4540,-2.8265,-1.7047
3.1625,-0.4886,-2.7704,-1.8890
3.1750,-0.5225,-2.7102,-2.0705
3.1875,-0.5556,-2.6457,-2.2487
3.2000,-0.5878,-2.5772,-2.4235
3.2125,-0.6191,-2.5047,-2.5945
3.2250,-0.6494,-2.4283,-2.7616
3.2375,-0.6788,-2.3482,-2.9244
3.2500,-0.7071,-2.2645,-3.0826
3.2625,-0.7343,-2.1773,-3.2362
3.2750,-0.7604,-2.0867,-3.3847
3.2875,-0.7853,-1.9929,-3.5280
3.3000,-0.8090,-1.8960,-3.6659
3.3125,-0.8315,-1.7962,-3.7981
3.3250,-0.8526,-1.6937,-3.9245
3.3375,-0.8725,-1.5885,-4.0448
3.3500,-0.8910,-1.4808,-4.1589
3.3625,-0.9081,-1.3709,-4.2665
3.3750,-0.9239,-1.2589,-4.3676
3.3875,-0.9382,-1.1450,-4.4620
3.4000,-0.9511,-1.0292,-4.5494
3.4125,-0.9625,-0.9119,-4.6299
3.4250,-0.9724,-0.7932,-4.7032
3.4375,-0.9808,-0.6732,-4.7693
3.4500,-0.9877,-0.5522,-4.8280
3.4625,-0.9931,-0.4304,-4.8793
3.4750,-0.9969,-0.3079,-4.9230
3.4875,-0.9992,-0.1849,-4.9592
3.5000,-1.0000,-0.0617,-4.9877
3.5125,-0.9992,0.0617,-5.0085
3.5250,-0.9969,0.1849,-5.0216
3.5375,-0.9931,0.3079,-5.0269
3.5500,-0.9877,0.4304,-5.0245
3.5625,-0.9808,0.5522,-5.0144
3.5750,-0.9724,0.6732,-4.9965
3.5875,-0.9625,0.7932,-4.9709
3.6000,-0.9511,0.9119,-4.9377
3.6125,-0.9382,1.0292,-4.8968
3.6250,-0.9239,1.1450,-4.8484
3.6375,-0.9081,1.2589,-4.7925
3.6500,-0.8910,1.3709,-4.7292
3.6625,-0.8725,1.4808,-4.6586
3.6750,-0.8526,1.5885,-4.5809
3.6875,-0.8315,1.6937,-4.4961
3.7000,-0.8090,1.7962,-4.4043
3.7125,-0.7853,1.8960,-4.3058
3.7250,-0.7604,1.9929,-4.2006
3.7375,-0.7343,2.0867,-4.0889
3.7500,-0.7071,2.1773,-3.9710
3.7625,-0.6788,2.2645,-3.8469
3.7750,-0.6494,2.3482,-3.7169
3.7875,-0.6191,2.4283,-3.5811
3.8000,-0.5878,2.5047,-3.4399
3.8125,-0.5556,2.5772,-3.2933
3.8250,-0.5225,2.6457,-3.1416
3.8375,-0.4886,2.7102,-2.9851
3.8500,-0.4540,2.7704,-2.8240
3.8625,-0.4187,2.8265,-2.6586
3.8750,-0.3827,2.8781,-2.4890
3.8875,-0.3461,2.9253,-2.3156
3.9000,-0.3090,2.9680,-2.1387
3.9125,-0.2714,3.0061,-1.9584
3.9250,-0.2334,3.0396,-1.7752
3.9375,-0.1951,3.0684,-1.5891
3.9500,-0.1564,3.0925,-1.4007
3.9625,-0.1175,3.1118,-1.2100
3.9750,-0.0785,3.1262,-1.0175
3.9875,-0.0393,3.1360,-0.8235
4.0000,-0.0000,3.1408,-0.6282
4.0125,0.0393,3.1407,-0.4319
4.0250,0.0785,3.1360,-0.2349
4.0375,0.1175,3.1262,-0.0376
4.0500,0.1564,3.1118,0.1598
4.0625,0.1951,3.0924,0.3570
4.0750,0.2334,3.0684,0.5536
4.0875,0.2714,3.0397,0.7493
4.1000,0.3090,3.0061,0.9439
4.1125,0.3461,2.9681,1.1370
4.1250,0.3827,2.9253,1.3284
4.1375,0.4187,2.8781,1.5177
4.1500,0.4540,2.8265,1.7046
4.1625,0.4886,2.7704,1.8890
4.1750,0.5225,2.7102,2.0704
4.1875,0.5556,2.6457,2.2487
4.2000,0.5878,2.5772,2.4235
4.2125,0.6191,2.5048,2.5945
4.2250,0.6494,2.4283,2.7616
4.2375,0.6788,2.3483,2.9244
4.2500,0.7071,2.2644,3.0826
4.2625,0.7343,2.1772,3.2362
4.2750,0.7604,2.0867,3.3847
4.2875,0.7853,1.9929,3.5280
4.3000,0.8090,1.8960,3.6659
4.3125,0.8315,1.7962,3.7981
4.3250,0.8526,1.6936,3.9245
4.3375,0.8725,1.5885,4.0448
4.3500,0.8910,1.4808,4.1589
4.3625,0.9081,1.3710,4.2665
4.3750,0.9239,1.2589,4.3676
4.3875,0.9382,1.1449,4.4620
4.4000,0.9511,1.0292,4.5494
4.4125,0.9625,0.9119,4.6299
4.4250,0.9724,0.7932,4.7032
4.4375,0.9808,0.6732,4.7693
4.4500,0.9877,0.5522,4.8280
4.4625,0.9931,0.4304,4.8793
4.4750,0.9969,0.3079,4.9230
4.4875,0.9992,0.1849,4.9592
4.5000,1.0000,0.0617,4.9877
4.5125,0.9992,-0.0617,5.0085
4.5250,0.9969,-0.1849,5.0216
4.5375,0.9931,-0.3079,5.0269
4.5500,0.9877,-0.4304,5.0245
4.5625,0.9808,-0.5522,5.0144
4.5750,0.9724,-0.6732,4.9965
4.5875,0.9625,-0.7932,4.9709
4.6000,0.9511,-0.9119,4.9377
4.6125,0.9382,-1.0292,4.8968
4.6250,0.9239,-1.1449,4.8484
4.6375,0.9081,-1.2589,4.7925
4.6500,0.8910,-1.3710,4.7292
4.6625,0.8725,-1.4808,4.6586
4.6750,0.8526,-1.5885,4.5809
4.6875,0.8315,-1.6936,4.4961
4.7000,0.8090,-1.7962,4.4043
4.7125,0.7853,-1.8960,4.3058
4.7250,0.7604,-1.9929,4.2006
4.7375,0.7343,-2.0867,4.0890
4.7500,0.7071,-2.1772,3.9710
4.7625,0.6788,-2.2644,3.8469
4.7750,0.6494,-2.3483,3.7169
4.7875,0.6191,-2.4283,3.5811
4.8000,0.5878,-2.5048,3.4399
4.8125,0.5556,-2.5772,3.2933
4.8250,0.5225,-2.6457,3.1416
4.8375,0.4886,-2.7102,2.9852
4.8500,0.4540,-2.7704,2.8240
4.8625,0.4187,-2.8265,2.6586
4.8750,0.3827,-2.8781,2.4890
4.8875,0.3461,-2.9253,2.3156
4.9000,0.3090,-2.9681,2.1387
4.9125,0.2714,-3.0061,1.9584
4.9250,0.2334,-3.0397,1.7752
4.9375,0.1951,-3.0684,1.5891
4.9500,0.1564,-3.0924,1.4007
4.9625,0.1175,-3.1118,1.2101
4.9750,0.0785,-3.1262,1.0175
4.9875,0.0393,-3.1360,0.8235
5.0000,0.0000,-3.1407,0.6281
5.0125,-0.0393,-3.1407,0.4319
5.0250,-0.0785,-3.1360,0.2349
5.0375,-0.1175,-3.1262,0.0376
5.0500,-0.1564,-3.1118,-0.1598
5.0625,-0.1951,-3.0924,-0.3570
5.0750,-0.2334,-3.0684,-0.5536
5.0875,-0.2714,-3.0397,-0.7493
5.1000,-0.3090,-3.0061,-0.9439
5.1125,-0.3461,-2.9681,-1.1370
5.1250,-0.3827,-2.9253,-1.3284
5.1375,-0.4187,-2.8781,-1.5177
5.1500,-0.4540,-2.8265,-1.7046
5.1625,-0.4886,-2.7704,-1.8890
5.1750,-0.5225,-2.7102,-2.0704
5.1875,-0.5556,-2.6457,-2.2487
5.2000,-0.5878,-2.5772,-2.4235
5.2125,-0.6191,-2.5048,-2.5945
5.2250,-0.6494,-2.4283,-2.7616
5.2375,-0.6788,-2.3483,-2.9244
5.2500,-0.7071,-2.2644,-3.0826
5.2625,-0.7343,-2.1772,-3.2362
5.2750,-0.7604,-2.0867,-3.3847
5.2875,-0.7853,-1.9929,-3.5280
5.3000,-0.8090,-1.8960,-3.6659
5.3125,-0.8315,-1.7962,-3.7981
5.3250,-0.8526,-1.6936,-3.9245
5.3375,-0.8725,-1.5885,-4.0448
5.3500,-0.8910,-1.4808,-4.1589
5.3625,-0.9081,-1.3710,-4.2665
5.3750,-0.9239,-1.2589,-4.3676
5.3875,-0.9382,-1.1449,-4.4620
5.4000,-0.9511,-1.0292,-4.5494
5.4125,-0.9625,-0.9119,-4.6299
5.4250,-0.9724,-0.7932,-4.7032
5.4375,-0.9808,-0.6732,-4.7693
5.4500,-0.9877,-0.5522,-4.8280
5.4625,-0.9931,-0.4304,-4.8793
5.4750,-0.9969,-0.3079,-4.9230
5.4875,-0.9992,-0.1849,-4.9592
5.5000,-1.0000,-0.0617,-4.9877
5.5125,-0.9992,0.0617,-5.0085
5.5250,-0.9969,0.1849,-5.0216
5.5375,-0.9931,0.3079,-5.0269
5.5500,-0.9877,0.4304,-5.0245
5.5625,-0.9808,0.5522,-5.0144
5.5750,-0.9724,0.6732,-4.9965
5.5875,-0.9625,0.7932,-4.9709
5.6000,-0.9511,0.9119,-4.9377
5.6125,-0.9382,1.0292,-4.8968
5.6250,-0.9239,1.1449,-4.8484
5.6375,-0.9081,1.2589,-4.7925
5.6500,-0.8910,1.3710,-4.7292
5.6625,-0.8725,1.4808,-4.6586
5.6750,-0.8526,1.5885,-4.5809
5.6875,-0.8315,1.6936,-4.4961
5.7000,-0.8090,1.7962,-4.4043
5.7125,-0.7853,1.8960,-4.3058
5.7250,-0.7604,1.9929,-4.2006
5.7375,-0.7343,2.0867,-4.0890
5.7500,-0.7071,2.1772,-3.9710
5.7625,-0.6788,2.2644,-3.8469
5.7750,-0.6494,2.3483,-3.7169
5.7875,-0.6191,2.4283,-3.5811
5.8000,-0.5878,2.5048,-3.4399
5.8125,-0.5556,2.5772,-3.2933
5.8250,-0.5225,2.6457,-3.1416
5.8375,-0.4886,2.7102,-2.9852
5.8500,-0.4540,2.7704,-2.8240
5.8625,-0.4187,2.8265,-2.6586
5.8750,-0.3827,2.8781,-2.4890
5.8875,-0.3461,2.9253,-2.3156
5.9000,-0.3090,2.9681,-2.1387
5.9125,-0.2714,3.0061,-1.9584
5.9250,-0.2334,3.0397,-1.7752
5.9375,-0.1951,3.0684,-1.5891
5.9500,-0.1564,3.0924,-1.4007
5.9625,-0.1175,3.1118,-1.2101
5.9750,-0.0785,3.1262,-1.0175
5.9875,-0.0393,3.1360,-0.8235
6.0000,-0.0000,3.1407,-0.6281
6.0125,0.0393,3.1407,-0.4319
6.0250,0.0785,3.1360,-0.2349
6.0375,0.1175,3.1262,-0.0376
6.0500,0.1564,3.1118,0.1598
6.0625,0.1951,3.0924,0.3570
6.0750,0.2334,3.0684,0.5536
6.0875,0.2714,3.0397,0.7493
6.1000,0.3090,3.0061,0.9439
6.1125,0.3461,2.9681,1.1370
6.1250,0.3827,2.9253,1.3284
6.1375,0.4187,2.8781,1.5177
6.1500,0.4540,2.8265,1.7046
6.1625,0.4886,2.7704,1.8890
6.1750,0.5225,2.7102,2.0704
6.1875,0.5556,2.6457,2.2487
6.2000,0.5878,2.5772,2.4235
6.2125,0.6191,2.5048,2.5945
6.2250,0.6494,2.4283,2.7616
6.2375,0.6788,2.3483,2.9244
6.2500,0.7071,2.2644,3.0826
6.2625,0.7343,2.1772,3.2362
6.2750,0.7604,2.0867,3.3847
6.2875,0.7853,1.9929,3.5280
6.3000,0.8090,1.8960,3.6659
6.3125,0.8315,1.7962,3.7981
6.3250,0.8526,1.6936,3.9245
6.3375,0.8725,1.5885,4.0448
6.3500,0.8910,1.4808,4.1589
6.3625,0.9081,1.3710,4.2665
6.3750,0.9239,1.2589,4.3676
6.3875,0.9382,1.1449,4.4620
6.4000,0.9511,1.0292,4.5494
6.4125,0.9625,0.9119,4.6299
6.4250,0.9724,0.7932,4.7032
6.4375,0.9808,0.6732,4.7693
6.4500,0.9877,0.5522,4.8280
6.4625,0.9931,0.4304,4.8793
6.4750,0.9969,0.3079,4.9230
6.4875,0.9992,0.1849,4.9592
6.5000,1.0000,0.0617,4.9877
6.5125,0.9992,-0.0617,5.0085
6.5250,0.9969,-0.1849,5.0216
6.5375,0.9931,-0.3079,5.0269
6.5500,0.9877,-0.4304,5.0245
6.5625,0.9808,-0.5522,5.0144
6.5750,0.9724,-0.6732,4.9965
6.5875,0.9625,-0.7932,4.9709
6.6000,0.9511,-0.9119,4.9377
6.6125,0.9382,-1.0292,4.8968
6.6250,0.9239,-1.1449,4.8484
6.6375,0.9081,-1.2589,4.7925
6.6500,0.8910,-1.3710,4.7292
6.6625,0.8725,-1.4808,4.6586
6.6750,0.8526,-1.5885,4.5809
6.6875,0.8315,-1.6936,4.4961
6.7000,0.8090,-1.7962,4.4043
6.7125,0.7853,-1.8960,4.3058
6.7250,0.7604,-1.9929,4.2006
6.7375,0.7343,-2.0867,4.0890
6.7500,0.7071,-2.1772,3.9710
6.7625,0.6788,-2.2644,3.8469
6.7750,0.6494,-2.3483,3.7169
6.7875,0.6191,-2.4283,3.5811
6.8000,0.5878,-2.5048,3.4399
6.8125,0.5556,-2.5772,3.2933
6.8250,0.5225,-2.6457,3.1416
6.8375,0.4886,-2.7102,2.9852
6.8500,0.4540,-2.7704,2.8240
6.8625,0.4187,-2.8265,2.6586
6.8750,0.3827,-2.8781,2.4890
6.8875,0.3461,-2.9253,2.3156
6.9000,0.3090,-2.9681,2.1387
6.9125,0.2714,-3.0061,1.9584
6.9250,0.2334,-3.0397,1.7752
6.9375,0.1951,-3.0684,1.5891
6.9500,0.1564,-3.0924,1.4007
6.9625,0.1175,-3.1118,1.2101
6.9750,0.0785,-3.1262,1.0175
6.9875,0.0393,-3.1360,0.8235
7.0000,0.0000,-3.1407,0.6281
7.0125,-0.0393,-3.1407,0.4319
7.0250,-0.0785,-3.1360,0.2349
7.0375,-0.1175,-3.1262,0.0376
7.0500,-0.1564,-3.1118,-0.1598
7.0625,-0.1951,-3.0924,-0.3570
7.0750,-0.2334,-3.0684,-0.5536
7.0875,-0.2714,-3.0397,-0.7493
7.1000,-0.3090,-3.0061,-0.9439
7.1125,-0.3461,-2.9681,-1.1370
7.1250,-0.3827,-2.9253,-1.3284
7.1375,-0.4187,-2.8781,-1.5177
7.1500,-0.4540,-2.8265,-1.7046
7.1625,-0.4886,-2.7704,-1.8890
7.1750,-0.5225,-2.7102,-2.0704
7.1875,-0.5556,-2.6457,-2.2487
7.2000,-0.5878,-2.5772,-2.4235
7.2125,-0.6191,-2.5048,-2.5945
7.2250,-0.6494,-2.4283,-2.7616
7.2375,-0.6788,-2.3483,-2.9244
7.2500,-0.7071,-2.2644,-3.0826
7.2625,-0.7343,-2.1772,-3.2362
7.2750,-0.7604,-2.0867,-3.3847
7.2875,-0.7853,-1.9929,-3.5280
7.3000,-0.8090,-1.8960,-3.6659
7.3125,-0.8315,-1.7962,-3.7981
7.3250,-0.8526,-1.6936,-3.9245
7.3375,-0.8725,-1.5885,-4.0448
7.3500,-0.8910,-1.4808,-4.1589
7.3625,-0.9081,-1.3710,-4.2665
7.3750,-0.9239,-1.2589,-4.3676
7.3875,-0.9382,-1.1449,-4.4620
7.4000,-0.9511,-1.0292,-4.5494
7.4125,-0.9625,-0.9119,-4.6299
7.4250,-0.9724,-0.7932,-4.7032
7.4375,-0.9808,-0.6732,-4.7693
7.4500,-0.9877,-0.5522,-4.8280
7.4625,-0.9931,-0.4304,-4.8793
7.4750,-0.9969,-0.3079,-4.9230
7.4875,-0.9992,-0.1849,-4.9592
7.5000,-1.0000,-0.0617,-4.9877
7.5125,-0.9992,0.0617,-5.0085
7.5250,-0.9969,0.1849,-5.0216
7.5375,-0.9931,0.3079,-5.0269
7.5500,-0.9877,0.4304,-5.0245
7.5625,-0.9808,0.5522,-5.0144
7.5750,-0.9724,0.6732,-4.9965
7.5875,-0.9625,0.7932,-4.9709
7.6000,-0.9511,0.9119,-4.9377
7.6125,-0.9382,1.0292,-4.8968
7.6250,-0.9239,1.1449,-4.8484
7.6375,-0.9081,1.2589,-4.7925
7.6500,-0.8910,1.3710,-4.7292
7.6625,-0.8725,1.4808,-4.6586
7.6750,-0.8526,1.5885,-4.5809
7.6875,-0.8315,1.6936,-4.4961
7.7000,-0.8090,1.7962,-4.4043
7.7125,-0.7853,1.8960,-4.3058
7.7250,-0.7604,1.9929,-4.2006
7.7375,-0.7343,2.0867,-4.0890
7.7500,-0.7071,2.1772,-3.9710
7.7625,-0.6788,2.2644,-3.8469
7.7750,-0.6494,2.3483,-3.7169
7.7875,-0.6191,2.4283,-3.5811
7.8000,-0.5878,2.5048,-3.4399
7.8125,-0.5556,2.5772,-3.2933
7.8250,-0.5225,2.6457,-3.1416
7.8375,-0.4886,2.7102,-2.9852
7.8500,-0.4540,2.7704,-2.8240
7.8625,-0.4187,2.8265,-2.6586
7.8750,-0.3827,2.8781,-2.4890
7.8875,-0.3461,2.9253,-2.3156
7.9000,-0.3090,2.9681,-2.1387
7.9125,-0.2714,3.0061,-1.9584
7.9250,-0.2334,3.0397,-1.7752
7.9375,-0.1951,3.0684,-1.5891
7.9500,-0.1564,3.0924,-1.4007
7.9625,-0.1175,3.1118,-1.2101
7.9750,-0.0785,3.1262,-1.0175
7.9875,-0.0393,3.1360,-0.8235
8.0000,-0.0000,3.1407,-0.6281
8.0125,0.0393,3.1407,-0.4319
8.0250,0.0785,3.1359,-0.2349
8.0375,0.1175,3.1265,-0.0376
8.0500,0.1564,3.1117,0.1598
8.0625,0.1951,3.0924,0.3570
8.0750,0.2334,3.0684,0.5536
8.0875,0.2714,3.0396,0.7493
8.1000,0.3090,3.0063,0.9438
8.1125,0.3461,2.9680,1.1370
8.1250,0.3827,2.9253,1.3284
8.1375,0.4187,2.8781,1.5177
8.1500,0.4540,2.8264,1.7047
8.1625,0.4886,2.7706,1.8890
8.1750,0.5225,2.7101,2.0705
8.1875,0.5556,2.6457,2.2487
8.2000,0.5878,2.5772,2.4235
8.2125,0.6191,2.5047,2.5945
8.2250,0.6494,2.4285,2.7615
8.2375,0.6788,2.3482,2.9244
8.2500,0.7071,2.2644,3.0826
8.2625,0.7343,2.1772,3.2362
8.2750,0.7604,2.0866,3.3847
8.2875,0.7853,1.9930,3.5280
8.3000,0.8090,1.8960,3.6659
8.3125,0.8315,1.7962,3.7981
8.3250,0.8526,1.6936,3.9245
8.3375,0.8725,1.5884,4.0448
8.3500,0.8910,1.4809,4.1588
8.3625,0.9081,1.3709,4.2665
8.3750,0.9239,1.2589,4.3676
8.3875,0.9382,1.1449,4.4620
8.4000,0.9511,1.0292,4.5494
8.4125,0.9625,0.9120,4.6299
8.4250,0.9724,0.7932,4.7032
8.4375,0.9808,0.6732,4.7693
8.4500,0.9877,0.5522,4.8280
8.4625,0.9931,0.4304,4.8793
8.4750,0.9969,0.3079,4.9230
8.4875,0.9992,0.1849,4.9592
8.5000,1.0000,0.0617,4.9877
8.5125,0.9992,-0.0617,5.0085
8.5250,0.9969,-0.1849,5.0216
8.5375,0.9931,-0.3079,5.0269
8.5500,0.9877,-0.4304,5.0245
8.5625,0.9808,-0.5522,5.0144
8.5750,0.9724,-0.6732,4.9965
8.5875,0.9625,-0.7932,4.9709
8.6000,0.9511,-0.9120,4.9377
8.6125,0.9382,-1.0292,4.8968
8.6250,0.9239,-1.1449,4.8484
8.6375,0.9081,-1.2589,4.7925
8.6500,0.8910,-1.3709,4.7292
8.6625,0.8725,-1.4809,4.6587
8.6750,0.8526,-1.5884,4.5809
8.6875,0.8315,-1.6936,4.4961
8.7000,0.8090,-1.7962,4.4043
8.7125,0.7853,-1.8960,4.3058
8.7250,0.7604,-1.9930,4.2006
8.7375,0.7343,-2.0866,4.0889
8.7500,0.7071,-2.1772,3.9710
8.7625,0.6788,-2.2644,3.8469
8.7750,0.6494,-2.3482,3.7169
8.7875,0.6191,-2.4285,3.5812
8.8000,0.5878,-2.5047,3.4399
8.8125,0.5556,-2.5772,3.2933
8.8250,0.5225,-2.6457,3.1416
8.8375,0.4886,-2.7101,2.9851
8.8500,0.4540,-2.7706,2.8241
8.8625,0.4187,-2.8264,2.6586
8.8750,0.3827,-2.8781,2.4890
8.8875,0.3461,-2.9253,2.3156
8.9000,0.3090,-2.9680,2.1387
8.9125,0.2714,-3.0063,1.9585
8.9250,0.2334,-3.0396,1.7751
8.9375,0.1951,-3.0684,1.5891
8.9500,0.1564,-3.0924,1.4007
8.9625,0.1175,-3.1117,1.2100
8.9750,0.0785,-3.1265,1.0176
8.9875,0.0393,-3.1359,0.8235
9.0000,0.0000,-3.1407,0.6281
9.0125,-0.0393,-3.1407,0.4319
9.0250,-0.0785,-3.1359,0.2349
9.0375,-0.1175,-3.1265,0.0376
9.0500,-0.1564,-3.1117,-0.1598
9.0625,-0.1951,-3.0924,-0.3570
9.0750,-0.2334,-3.0684,-0.5536
9.0875,-0.2714,-3.0396,-0.7493
9.1000,-0.3090,-3.0063,-0.9438
9.1125,-0.3461,-2.9680,-1.1370
9.1250,-0.3827,-2.9253,-1.3284
9.1375,-0.4187,-2.8781,-1.5177
9.1500,-0.4540,-2.8264,-1.7047
9.1625,-0.4886,-2.7706,-1.8890
9.1750,-0.5225,-2.7101,-2.0705
9.1875,-0.5556,-2.6457,-2.2487
9.2000,-0.5878,-2.5772,-2.4235
9.2125,-0.6191,-2.5047,-2.5945
9.2250,-0.6494,-2.4285,-2.7615
9.2375,-0.6788,-2.3482,-2.9244
9.2500,-0.7071,-2.2644,-3.0826
9.2625,-0.7343,-2.1772,-3.2362
9.2750,-0.7604,-2.0866,-3.3847
9.2875,-0.7853,-1.9930,-3.5280
9.3000,-0.8090,-1.8960,-3.6659
9.3125,-0.8315,-1.7962,-3.7981
9.3250,-0.8526,-1.6936,-3.9245
9.3375,-0.8725,-1.5884,-4.0448
9.3500,-0.8910,-1.4809,-4.1588
9.3625,-0.9081,-1.3709,-4.2665
9.3750,-0.9239,-1.2589,-4.3676
9.3875,-0.9382,-1.1449,-4.4620
9.4000,-0.9511,-1.0292,-4.5494
9.4125,-0.9625,-0.9120,-4.6299
9.4250,-0.9724,-0.7932,-4.7032
9.4375,-0.9808,-0.6732,-4.7693
9.4500,-0.9877,-0.5522,-4.8280
9.4625,-0.9931,-0.4304,-4.8793
9.4750,-0.9969,-0.3079,-4.9230
9.4875,-0.9992,-0.1849,-4.9592
9.5000,-1.0000,-0.0617,-4.9877
9.5125,-0.9992,0.0617,-5.0085
9.5250,-0.9969,0.1849,-5.0216
9.5375,-0.9931,0.3079,-5.0269
9.5500,-0.9877,0.4304,-5.0245
9.5625,-0.9808,0.5522,-5.0144
9.5750,-0.9724,0.6732,-4.9965
9.5875,-0.9625,0.7932,-4.9709
9.6000,-0.9511,0.9120,-4.9377
9.6125,-0.9382,1.0292,-4.8968
9.6250,-0.9239,1.1449,-4.8484
9.6375,-0.9081,1.2589,-4.7925
9.6500,-0.8910,1.3709,-4.7292
9.6625,-0.8725,1.4809,-4.6587
9.6750,-0.8526,1.5884,-4.5809
9.6875,-0.8315,1.6936,-4.4961
9.7000,-0.8090,1.7962,-4.4043
9.7125,-0.7853,1.8960,-4.3058
9.7250,-0.7604,1.9930,-4.2006
9.7375,-0.7343,2.0866,-4.0889
9.7500,-0.7071,2.1772,-3.9710
9.7625,-0.6788,2.2644,-3.8469
9.7750,-0.6494,2.3482,-3.7169
9.7875,-0.6191,2.4285,-3.5812
9.8000,-0.5878,2.5047,-3.4399
9.8125,-0.5556,2.5772,-3.2933
9.8250,-0.5225,2.6457,-3.1416
9.8375,-0.4886,2.7101,-2.9851
9.8500,-0.4540,2.7706,-2.8241
9.8625,-0.4187,2.8264,-2.6586
9.8750,-0.3827,2.8781,-2.4890
9.8875,-0.3461,2.9253,-2.3156
9.9000,-0.3090,2.9680,-2.1387
9.9125,-0.2714,3.0063,-1.9585
9.9250,-0.2334,3.0396,-1.7751
9.9375,-0.1951,3.0684,-1.5891
9.9500,-0.1564,3.0924,-1.4007
9.9625,-0.1175,3.1117,-1.2100
9.9750,-0.0785,3.1265,-1.0176
9.9875,-0.0393,3.1359,-0.8235
10.0000,-0.0000,3.1407,-0.6281
10.0125,0.0393,3.1407,-0.4319
10.0250,0.0785,3.1359,-0.2349
10.0375,0.1175,3.1265,-0.0376
10.0500,0.1564,3.1117,0.1598
10.0625,0.1951,3.0924,0.3570
10.0750,0.2334,3.0684,0.5536
10.0875,0.2714,3.0396,0.7493
10.1000,0.3090,3.0063,0.9438
10.1125,0.3461,2.9680,1.1370
10.1250,0.3827,2.9253,1.3284
10.1375,0.4187,2.8781,1.5177
10.1500,0.4540,2.8264,1.7047
10.1625,0.4886,2.7706,1.8890
10.1750,0.5225,2.7101,2.0705
10.1875,0.5556,2.6457,2.2487
10.2000,0.5878,2.5772,2.4235
10.2125,0.6191,2.5047,2.5945
10.2250,0.6494,2.4285,2.7615
10.2375,0.6788,2.3482,2.9244
10.2500,0.7071,2.2644,3.0826
10.2625,0.7343,2.1772,3.2362
10.2750,0.7604,2.0866,3.3847
10.2875,0.7853,1.9930,3.5280
10.3000,0.8090,1.8960,3.6659
10.3125,0.8315,1.7962,3.7981
10.3250,0.8526,1.6936,3.9245
10.3375,0.8725,1.5884,4.0448
10.3500,0.8910,1.4809,4.1588
10.3625,0.9081,1.3709,4.2665
10.3750,0.9239,1.2589,4.3676
10.3875,0.9382,1.1449,4.4620
10.4000,0.9511,1.0292,4.5494
10.4125,0.9625,0.9120,4.6299
10.4250,0.9724,0.7932,4.7032
10.4375,0.9808,0.6732,4.7693
10.4500,0.9877,0.5522,4.8280
10.4625,0.9931,0.4304,4.8793
10.4750,0.9969,0.3079,4.9230
10.4875,0.9992,0.1849,4.9592
10.5000,1.0000,0.0617,4.9877
10.5125,0.9992,-0.0617,5.0085
10.5250,0.9969,-0.1849,5.0216
10.5375,0.9931,-0.3079,5.0269
10.5500,0.9877,-0.4304,5.0245
10.5625,0.9808,-0.5522,5.0144
10.5750,0.9724,-0.6732,4.9965
10.5875,0.9625,-0.7932,4.9709
10.6000,0.9511,-0.9120,4.9377
10.6125,0.9382,-1.0292,4.8968
10.6250,0.9239,-1.1449,4.8484
10.6375,0.9081,-1.2589,4.7925
10.6500,0.8910,-1.3709,4.7292
10.6625,0.8725,-1.4809,4.6587
10.6750,0.8526,-1.5884,4.5809
10.6875,0.8315,-1.6936,4.4961
10.7000,0.8090,-1.7962,4.4043
10.7125,0.7853,-1.8960,4.3058
10.7250,0.7604,-1.9930,4.2006
10.7375,0.7343,-2.0866,4.0889
10.7500,0.7071,-2.1772,3.9710
10.7625,0.6788,-2.2644,3.8469
10.7750,0.6494,-2.3482,3.7169
10.7875,0.6191,-2.4285,3.5812
10.8000,0.5878,-2.5047,3.4399
10.8125,0.5556,-2.5772,3.2933
10.8250,0.5225,-2.6457,3.1416
10.8375,0.4886,-2.7101,2.9851
10.8500,0.4540,-2.7706,2.8241
10.8625,0.4187,-2.8264,2.6586
10.8750,0.3827,-2.8781,2.4890
10.8875,0.3461,-2.9253,2.3156
10.9000,0.3090,-2.9680,2.1387
10.9125,0.2714,-3.0063,1.9585
10.9250,0.2334,-3.0396,1.7751
10.9375,0.1951,-3.0684,1.5891
10.9500,0.1564,-3.0924,1.4007
10.9625,0.1175,-3.1117,1.2100
10.9750,0.0785,-3.1265,1.0176
10.9875,0.0393,-3.1359,0.8235
11.0000,0.0000,-3.1407,0.6281
11.0125,-0.0393,-3.1407,0.4319
11.0250,-0.0785,-3.1359,0.2349
11.0375,-0.1175,-3.1265,0.0376
11.0500,-0.1564,-3.1117,-0.1598
11.0625,-0.1951,-3.0924,-0.3570
11.0750,-0.2334,-3.0684,-0.5536
11.0875,-0.2714,-3.0396,-0.7493
11.1000,-0.3090,-3.0063,-0.9438
11.1125,-0.3461,-2.9680,-1.1370
11.1250,-0.3827,-2.9253,-1.3284
11.1375,-0.4187,-2.8781,-1.5177
11.1500,-0.4540,-2.8264,-1.7047
11.1625,-0.4886,-2.7706,-1.8890
11.1750,-0.5225,-2.7101,-2.0705
11.1875,-0.5556,-2.6457,-2.2487
11.2000,-0.5878,-2.5772,-2.4235
11.2125,-0.6191,-2.5047,-2.5945
11.2250,-0.6494,-2.4285,-2.7615
11.2375,-0.6788,-2.3482,-2.9244
11.2500,-0.7071,-2.2644,-3.0826
11.2625,-0.7343,-2.1772,-3.2362
11.2750,-0.7604,-2.0866,-3.3847
11.2875,-0.7853,-1.9930,-3.5280
11.3000,-0.8090,-1.8960,-3.6659
11.3125,-0.8315,-1.7962,-3.7981
11.3250,-0.8526,-1.6936,-3.9245
11.3375,-0.8725,-1.5884,-4.0448
11.3500,-0.8910,-1.4809,-4.1588
11.3625,-0.9081,-1.3709,-4.2665
11.3750,-0.9239,-1.2589,-4.3676
11.3875,-0.9382,-1.1449,-4.4620
11.4000,-0.9511,-1.0292,-4.5494
11.4125,-0.9625,-0.9120,-4.6299
11.4250,-0.9724,-0.7932,-4.7032
11.4375,-0.9808,-0.6732,-4.7693
11.4500,-0.9877,-0.5522,-4.8280
11.4625,-0.9931,-0.4304,-4.8793
11.4750,-0.9969,-0.3079,-4.9230
11.4875,-0.9992,-0.1849,-4.9592
11.5000,-1.0000,-0.0617,-4.9877
11.5125,-0.9992,0.0617,-5.0085
11.5250,-0.9969,0.1849,-5.0216
11.5375,-0.9931,0.3079,-5.0269
11.5500,-0.9877,0.4304,-5.0245
11.5625,-0.9808,0.5522,-5.0144
11.5750,-0.9724,0.6732,-4.9965
11.5875,-0.9625,0.7932,-4.9709
11.6000,-0.9511,0.9120,-4.9377
11.6125,-0.9382,1.0292,-4.8968
11.6250,-0.9239,1.1449,-4.8484
11.6375,-0.9081,1.2589,-4.7925
11.6500,-0.8910,1.3709,-4.7292
11.6625,-0.8725,1.4809,-4.6587
11.6750,-0.8526,1.5884,-4.5809
11.6875,-0.8315,1.6936,-4.4961
11.7000,-0.8090,1.7962,-4.4043
11.7125,-0.7853,1.8960,-4.3058
11.7250,-0.7604,1.9930,-4.2006
11.7375,-0.7343,2.0866,-4.0889
11.7500,-0.7071,2.1772,-3.9710
11.7625,-0.6788,2.2644,-3.8469
11.7750,-0.6494,2.3482,-3.7169
11.7875,-0.6191,2.4285,-3.5812
11.8000,-0.5878,2.5047,-3.4399
11.8125,-0.5556,2.5772,-3.2933
11.8250,-0.5225,2.6457,-3.1416
11.8375,-0.4886,2.7101,-2.9851
11.8500,-0.4540,2.7706,-2.8241
11.8625,-0.4187,2.8264,-2.6586
11.8750,-0.3827,2.8781,-2.4890
11.8875,-0.3461,2.9253,-2.3156
11.9000,-0.3090,2.9680,-2.1387
11.9125,-0.2714,3.0063,-1.9585
11.9250,-0.2334,3.0396,-1.7751
11.9375,-0.1951,3.0684,-1.5891
11.9500,-0.1564,3.0924,-1.4007
11.9625,-0.1175,3.1117,-1.2100
11.9750,-0.0785,3.1265,-1.0176
11.9875,-0.0393,3.1359,-0.8235
12.0000,-0.0000,3.1407,-0.6281
12.0125,0.0393,3.1407,-0.4319
12.0250,0.0785,3.1359,-0.2349
12.0375,0.1175,3.1265,-0.0376
12.0500,0.1564,3.1117,0.1598
12.0625,0.1951,3.0924,0.3570
12.0750,0.2334,3.0684,0.5536
12.0875,0.2714,3.0396,0.7493
12.1000,0.3090,3.0063,0.9438
12.1125,0.3461,2.9680,1.1370
12.1250,0.3827,2.9253,1.3284
12.1375,0.4187,2.8781,1.5177
12.1500,0.4540,2.8264,1.7047
12.1625,0.4886,2.7706,1.8890
12.1750,0.5225,2.7101,2.0705
12.1875,0.5556,2.6457,2.2487
12.2000,0.5878,2.5772,2.4235
12.2125,0.6191,2.5047,2.5945
12.2250,0.6494,2.4285,2.7615
12.2375,0.6788,2.3482,2.9244
12.2500,0.7071,2.2644,3.0826
12.2625,0.7343,2.1772,3.2362
12.2750,0.7604,2.0866,3.3847
12.2875,0.7853,1.9930,3.5280
12.3000,0.8090,1.8960,3.6659
12.3125,0.8315,1.7962,3.7981
12.3250,0.8526,1.6936,3.9245
12.3375,0.8725,1.5884,4.0448
12.3500,0.8910,1.4809,4.1588
12.3625,0.9081,1.3709,4.2665
12.3750,0.9239,1.2589,4.3676
12.3875,0.9382,1.1449,4.4620
12.4000,0.9511,1.0292,4.5494
12.4125,0.9625,0.9120,4.6299
12.4250,0.9724,0.7932,4.7032
12.4375,0.9808,0.6732,4.7693
12.4500,0.9877,0.5522,4.8280
12.4625,0.9931,0.4304,4.8793
12.4750,0.9969,0.3079,4.9230
12.4875,0.9992,0.1849,4.9592
12.5000,1.0000,0.0617,4.9877
12.5125,0.9992,-0.0617,5.0085
12.5250,0.9969,-0.1849,5.0216
12.5375,0.9931,-0.3079,5.0269
12.5500,0.9877,-0.4304,5.0245
12.5625,0.9808,-0.5522,5.0144
12.5750,0.9724,-0.6732,4.9965
12.5875,0.9625,-0.7932,4.9709
12.6000,0.9511,-0.9120,4.9377
12.6125,0.9382,-1.0292,4.8968
12.6250,0.9239,-1.1449,4.8484
12.6375,0.9081,-1.2589,4.7925
12.6500,0.8910,-1.3709,4.7292
12.6625,0.8725,-1.4809,4.6587
12.6750,0.8526,-1.5884,4.5809
12.6875,0.8315,-1.6936,4.4961
12.7000,0.8090,-1.7962,4.4043
12.7125,0.7853,-1.8960,4.3058
12.7250,0.7604,-1.9930,4.2006
12.7375,0.7343,-2.0866,4.0889
12.7500,0.7071,-2.1772,3.9710
12.7625,0.6788,-2.2644,3.8469
12.7750,0.6494,-2.3482,3.7169
12.7875,0.6191,-2.4285,3.5812
12.8000,0.5878,-2.5047,3.4399
12.8125,0.5556,-2.5772,3.2933
12.8250,0.5225,-2.6457,3.1416
12.8375,0.4886,-2.7101,2.9851
12.8500,0.4540,-2.7706,2.8241
12.8625,0.4187,-2.8264,2.6586
12.8750,0.3827,-2.8781,2.4890
12.8875,0.3461,-2.9253,2.3156
12.9000,0.3090,-2.9680,2.1387
12.9125,0.2714,-3.0063,1.9585
12.9250,0.2334,-3.0396,1.7751
12.9375,0.1951,-3.0684,1.5891
12.9500,0.1564,-3.0924,1.4007
12.9625,0.1175,-3.1117,1.2100
12.9750,0.0785,-3.1265,1.0176
12.9875,0.0393,-3.1359,0.8235
13.0000,-0.0000,-3.1407,0.6281
13.0125,-0.0393,-3.1407,0.4319
13.0250,-0.0785,-3.1359,0.2349
13.0375,-0.1175,-3.1265,0.0376
13.0500,-0.1564,-3.1117,-0.1598
13.0625,-0.1951,-3.0924,-0.3570
13.0750,-0.2334,-3.0684,-0.5536
13.0875,-0.2714,-3.0396,-0.7493
13.1000,-0.3090,-3.0063,-0.9438
13.1125,-0.3461,-2.9680,-1.1370
13.1250,-0.3827,-2.9253,-1.3284
13.1375,-0.4187,-2.8781,-1.5177
13.1500,-0.4540,-2.8264,-1.7047
13.1625,-0.4886,-2.7706,-1.8890
13.1750,-0.5225,-2.7101,-2.0705
13.1875,-0.5556,-2.6457,-2.2487
13.2000,-0.5878,-2.5772,-2.4235
13.2125,-0.6191,-2.5047,-2.5945
13.2250,-0.6494,-2.4285,-2.7615
13.2375,-0.6788,-2.3482,-2.9244
13.2500,-0.7071,-2.2644,-3.0826
13.2625,-0.7343,-2.1772,-3.2362
13.2750,-0.7604,-2.0866,-3.3847
13.2875,-0.7853,-1.9930,-3.5280
13.3000,-0.8090,-1.8960,-3.6659
13.3125,-0.8315,-1.7962,-3.7981
13.3250,-0.8526,-1.6936,-3.9245
13.3375,-0.8725,-1.5884,-4.0448
13.3500,-0.8910,-1.4809,-4.1588
13.3625,-0.9081,-1.3709,-4.2665
13.3750,-0.9239,-1.2589,-4.3676
13.3875,-0.9382,-1.1449,-4.4620
13.4000,-0.9511,-1.0292,-4.5494
13.4125,-0.9625,-0.9120,-4.6299
13.4250,-0.9724,-0.7932,-4.7032
13.4375,-0.9808,-0.6732,-4.7693
13.4500,-0.9877,-0.5522,-4.8280
13.4625,-0.9931,-0.4304,-4.8793
13.4750,-0.9969,-0.3079,-4.9230
13.4875,-0.9992,-0.1849,-4.9592
13.5000,-1.0000,-0.0617,-4.9877
13.5125,-0.9992,0.0617,-5.0085
13.5250,-0.9969,0.1849,-5.0216
13.5375,-0.9931,0.3079,-5.0269
13.5500,-0.9877,0.4304,-5.0245
13.5625,-0.9808,0.5522,-5.0144
13.5750,-0.9724,0.6732,-4.9965
13.5875,-0.9625,0.7932,-4.9709
13.6000,-0.9511,0.9120,-4.9377
13.6125,-0.9382,1.0292,-4.8968
13.6250,-0.9239,1.1449,-4.8484
13.6375,-0.9081,1.2589,-4.7925
13.6500,-0.8910,1.3709,-4.7292
13.6625,-0.8725,1.4809,-4.6587
13.6750,-0.8526,1.5884,-4.5809
13.6875,-0.8315,1.6936,-4.4961
13.7000,-0.8090,1.7962,-4.4043
13.7125,-0.7853,1.8960,-4.3058
13.7250,-0.7604,1.9930,-4.2006
13.7375,-0.7343,2.0866,-4.0889
13.7500,-0.7071,2.1772,-3.9710
13.7625,-0.6788,2.2644,-3.8469
13.7750,-0.6494,2.3482,-3.7169
13.7875,-0.6191,2.4285,-3.5812
13.8000,-0.5878,2.5047,-3.4399
13.8125,-0.5556,2.5772,-3.2933
13.8250,-0.5225,2.6457,-3.1416
13.8375,-0.4886,2.7101,-2.9851
13.8500,-0.4540,2.7706,-2.8241
13.8625,-0.4187,2.8264,-2.6586
13.8750,-0.3827,2.8781,-2.4890
13.8875,-0.3461,2.9253,-2.3156
13.9000,-0.3090,2.9680,-2.1387
13.9125,-0.2714,3.0063,-1.9585
13.9250,-0.2334,3.0396,-1.7751
13.9375,-0.1951,3.0684,-1.5891
13.9500,-0.1564,3.0924,-1.4007
13.9625,-0.1175,3.1117,-1.2100
13.9750,-0.0785,3.1265,-1.0176
13.9875,-0.0393,3.1359,-0.8235
14.0000,-0.0000,3.1407,-0.6281
14.0125,0.0393,3.1407,-0.4319
14.0250,0.0785,3.1359,-0.2349
14.0375,0.1175,3.1265,-0.0376
14.0500,0.1564,3.1117,0.1598
14.0625,0.1951,3.0924,0.3570
14.0750,0.2334,3.0684,0.5536
14.0875,0.2714,3.0396,0.7493
14.1000,0.3090,3.0063,0.9438
14.1125,0.3461,2.9680,1.1370
14.1250,0.3827,2.9253,1.3284
14.1375,0.4187,2.8781,1.5177
14.1500,0.4540,2.8264,1.7047
14.1625,0.4886,2.7706,1.8890
14.1750,0.5225,2.7101,2.0705
14.1875,0.5556,2.6457,2.2487
14.2000,0.5878,2.5772,2.4235
14.2125,0.6191,2.5047,2.5945
14.2250,0.6494,2.4285,2.7615
14.2375,0.6788,2.3482,2.9244
14.2500,0.7071,2.2644,3.0826
14.2625,0.7343,2.1772,3.2362
14.2750,0.7604,2.0866,3.3847
14.2875,0.7853,1.9930,3.5280
14.3000,0.8090,1.8960,3.6659
14.3125,0.8315,1.7962,3.7981
14.3250,0.8526,1.6936,3.9245
14.3375,0.8725,1.5884,4.0448
14.3500,0.8910,1.4809,4.1588
14.3625,0.9081,1.3709,4.2665
14.3750,0.9239,1.2589,4.3676
14.3875,0.9382,1.1449,4.4620
14.4000,0.9511,1.0292,4.5494
14.4125,0.9625,0.9120,4.6299
14.4250,0.9724,0.7932,4.7032
14.4375,0.9808,0.6732,4.7693
14.4500,0.9877,0.5522,4.8280
14.4625,0.9931,0.4304,4.8793
14.4750,0.9969,0.3079,4.9230
14.4875,0.9992,0.1849,4.9592
14.5000,1.0000,0.0617,4.9877
14.5125,0.9992,-0.0617,5.0085
14.5250,0.9969,-0.1849,5.0216
14.5375,0.9931,-0.3079,5.0269
14.5500,0.9877,-0.4304,5.0245
14.5625,0.9808,-0.5522,5.0144
14.5750,0.9724,-0.6732,4.9965
14.5875,0.9625,-0.7932,4.9709
14.6000,0.9511,-0.9120,4.9377
14.6125,0.9382,-1.0292,4.8968
14.6250,0.9239,-1.1449,4.8484
14.6375,0.9081,-1.2589,4.7925
14.6500,0.8910,-1.3709,4.7292
14.6625,0.8725,-1.4809,4.6587
14.6750,0.8526,-1.5884,4.5809
14.6875,0.8315,-1.6936,4.4961
14.7000,0.8090,-1.7962,4.4043
14.7125,0.7853,-1.8960,4.3058
14.7250,0.7604,-1.9930,4.2006
14.7375,0.7343,-2.0866,4.0889
14.7500,0.7071,-2.1772,3.9710
14.7625,0.6788,-2.2644,3.8469
14.7750,0.6494,-2.3482,3.7169
14.7875,0.6191,-2.4285,3.5812
14.8000,0.5878,-2.5047,3.4399
14.8125,0.5556,-2.5772,3.2933
14.8250,0.5225,-2.6457,3.1416
14.8375,0.4886,-2.7101,2.9851
14.8500,0.4540,-2.7706,2.8241
14.8625,0.4187,-2.8264,2.6586
14.8750,0.3827,-2.8781,2.4890
14.8875,0.3461,-2.9253,2.3156
14.9000,0.3090,-2.9680,2.1387
14.9125,0.2714,-3.0063,1.9585
14.9250,0.2334,-3.0396,1.7751
14.9375,0.1951,-3.0684,1.5891
14.9500,0.1564,-3.0924,1.4007
14.9625,0.1175,-3.1117,1.2100
14.9750,0.0785,-3.1265,1.0176
14.9875,0.0393,-3.1359,0.8235
15.0000,0.0000,-3.1407,0.6281
15.0125,-0.0393,-3.1407,0.4319
15.0250,-0.0785,-3.1359,0.2349
15.0375,-0.1175,-3.1265,0.0376
15.0500,-0.1564,-3.1117,-0.1598
15.0625,-0.1951,-3.0924,-0.3570
15.0750,-0.2334,-3.0684,-0.5536
15.0875,-0.2714,-3.0396,-0.7493
15.1000,-0.3090,-3.0063,-0.9438
15.1125,-0.3461,-2.9680,-1.1370
15.1250,-0.3827,-2.9253,-1.3284
15.1375,-0.4187,-2.8781,-1.5177
15.1500,-0.4540,-2.8264,-1.7047
15.1625,-0.4886,-2.7706,-1.8890
15.1750,-0.5225,-2.7101,-2.0705
15.1875,-0.5556,-2.6457,-2.2487
15.2000,-0.5878,-2.5772,-2.4235
15.2125,-0.6191,-2.5047,-2.5945
15.2250,-0.6494,-2.4285,-2.7615
15.2375,-0.6788,-2.3482,-2.9244
15.2500,-0.7071,-2.2644,-3.0826
15.2625,-0.7343,-2.1772,-3.2362
15.2750,-0.7604,-2.0866,-3.3847
15.2875,-0.7853,-1.9930,-3.5280
15.3000,-0.8090,-1.8960,-3.6659
15.3125,-0.8315,-1.7962,-3.7981
15.3250,-0.8526,-1.6936,-3.9245
15.3375,-0.8725,-1.5884,-4.0448
15.3500,-0.8910,-1.4809,-4.1588
15.3625,-0.9081,-1.3709,-4.2665
15.3750,-0.9239,-1.2589,-4.3676
15.3875,-0.9382,-1.1449,-4.4620
15.4000,-0.9511,-1.0292,-4.5494
15.4125,-0.9625,-0.9120,-4.6299
15.4250,-0.9724,-0.7932,-4.7032
15.4375,-0.9808,-0.6732,-4.7693
15.4500,-0.9877,-0.5522,-4.8280
15.4625,-0.9931,-0.4304,-4.8793
15.4750,-0.9969,-0.3079,-4.9230
15.4875,-0.9992,-0.1849,-4.9592
15.5000,-1.0000,-0.0617,-4.9877
15.5125,-0.9992,0.0617,-5.0085
15.5250,-0.9969,0.1849,-5.0216
15.5375,-0.9931,0.3079,-5.0269
15.5500,-0.9877,0.4304,-5.0245
15.5625,-0.9808,0.5522,-5.0144
15.5750,-0.9724,0.6732,-4.9965
15.5875,-0.9625,0.7932,-4.9709
15.6000,-0.9511,0.9120,-4.9377
15.6125,-0.9382,1.0292,-4.8968
15.6250,-0.9239,1.1449,-4.8484
15.6375,-0.9081,1.2589,-4.7925
15.6500,-0.8910,1.3709,-4.7292
15.6625,-0.8725,1.4809,-4.6587
15.6750,-0.8526,1.5884,-4.5809
15.6875,-0.8315,1.6936,-4.4961
15.7000,-0.8090,1.7962,-4.4043
15.7125,-0.7853,1.8960,-4.3058
15.7250,-0.7604,1.9930,-4.2006
15.7375,-0.7343,2.0866,-4.0889
15.7500,-0.7071,2.1772,-3.9710
15.7625,-0.6788,2.2644,-3.8469
15.7750,-0.6494,2.3482,-3.7169
15.7875,-0.6191,2.4285,-3.5812
15.8000,-0.5878,2.5047,-3.4399
15.8125,-0.5556,2.5772,-3.2933
15.8250,-0.5225,2.6457,-3.1416
15.8375,-0.4886,2.7101,-2.9851
15.8500,-0.4540,2.7706,-2.8241
15.8625,-0.4187,2.8264,-2.6586
15.8750,-0.3827,2.8781,-2.4890
15.8875,-0.3461,2.9253,-2.3156
15.9000,-0.3090,2.9680,-2.1387
15.9125,-0.2714,3.0063,-1.9585
15.9250,-0.2334,3.0396,-1.7751
15.9375,-0.1951,3.0684,-1.5891
15.9500,-0.1564,3.0924,-1.4007
15.9625,-0.1175,3.1117,-1.2100
15.9750,-0.0785,3.1265,-1.0176
15.9875,-0.0393,3.1359,-0.8235
16.0000,-0.0000,3.1407,-0.6281
16.0125,0.0393,3.1410,-0.4319
16.0250,0.0785,3.1357,-0.2348
16.0375,0.1175,3.1265,-0.0376
16.0500,0.1564,3.1115,0.1599
16.0625,0.1951,3.0927,0.3569
16.0750,0.2334,3.0686,0.5535
16.0875,0.2714,3.0393,0.7493
16.1000,0.3090,3.0063,0.9438
16.1125,0.3461,2.9677,1.1370
16.1250,0.3827,2.9255,1.3283
16.1375,0.4187,2.8783,1.5177
16.1500,0.4540,2.8262,1.7047
16.1625,0.4886,2.7706,1.8890
16.1750,0.5225,2.7099,2.0705
16.1875,0.5556,2.6459,2.2487
16.2000,0.5878,2.5774,2.4235
16.2125,0.6191,2.5045,2.5946
16.2250,0.6494,2.4285,2.7615
16.2375,0.6788,2.3480,2.9244
16.2500,0.7071,2.2646,3.0826
16.2625,0.7343,2.1774,3.2361
16.2750,0.7604,2.0865,3.3847
16.2875,0.7853,1.9930,3.5280
16.3000,0.8090,1.8958,3.6659
16.3125,0.8315,1.7963,3.7981
16.3250,0.8526,1.6937,3.9245
16.3375,0.8725,1.5883,4.0448
16.3500,0.8910,1.4809,4.1588
16.3625,0.9081,1.3708,4.2665
16.3750,0.9239,1.2590,4.3676
16.3875,0.9382,1.1450,4.4620
16.4000,0.9511,1.0291,4.5495
16.4125,0.9625,0.9120,4.6299
16.4250,0.9724,0.7931,4.7032
16.4375,0.9808,0.6733,4.7693
16.4500,0.9877,0.5523,4.8280
16.4625,0.9931,0.4304,4.8793
16.4750,0.9969,0.3079,4.9230
16.4875,0.9992,0.1849,4.9592
16.5000,1.0000,0.0617,4.9877
16.5125,0.9992,-0.0617,5.0085
16.5250,0.9969,-0.1849,5.0216
16.5375,0.9931,-0.3079,5.0269
16.5500,0.9877,-0.4304,5.0245
16.5625,0.9808,-0.5523,5.0144
16.5750,0.9724,-0.6733,4.9965
16.5875,0.9625,-0.7931,4.9709
16.6000,0.9511,-0.9120,4.9377
16.6125,0.9382,-1.0291,4.8968
16.6250,0.9239,-1.1450,4.8484
16.6375,0.9081,-1.2590,4.7925
16.6500,0.8910,-1.3708,4.7292
16.6625,0.8725,-1.4809,4.6587
16.6750,0.8526,-1.5883,4.5809
16.6875,0.8315,-1.6937,4.4961
16.7000,0.8090,-1.7963,4.4043
16.7125,0.7853,-1.8958,4.3058
16.7250,0.7604,-1.9930,4.2006
16.7375,0.7343,-2.0865,4.0889
16.7500,0.7071,-2.1774,3.9710
16.7625,0.6788,-2.2646,3.8469
16.7750,0.6494,-2.3480,3.7168
16.7875,0.6191,-2.4285,3.5812
16.8000,0.5878,-2.5045,3.4398
16.8125,0.5556,-2.5774,3.2933
16.8250,0.5225,-2.6459,3.1417
16.8375,0.4886,-2.7099,2.9851
16.8500,0.4540,-2.7706,2.8241
16.8625,0.4187,-2.8262,2.6586
16.8750,0.3827,-2.8783,2.4891
16.8875,0.3461,-2.9255,2.3157
16.9000,0.3090,-2.9677,2.1386
16.9125,0.2714,-3.0063,1.9585
16.9250,0.2334,-3.0393,1.7751
16.9375,0.1951,-3.0686,1.5892
16.9500,0.1564,-3.0927,1.4007
16.9625,0.1175,-3.1115,1.2100
16.9750,0.0785,-3.1265,1.0176
16.9875,0.0393,-3.1357,0.8234
17.0000,-0.0000,-3.1410,0.6282
17.0125,-0.0393,-3.1410,0.4319
17.0250,-0.0785,-3.1357,0.2348
17.0375,-0.1175,-3.1265,0.0376
17.0500,-0.1564,-3.1115,-0.1599
17.0625,-0.1951,-3.0927,-0.3569
17.0750,-0.2334,-3.0686,-0.5535
17.0875,-0.2714,-3.0393,-0.7493
17.1000,-0.3090,-3.0063,-0.9438
17.1125,-0.3461,-2.9677,-1.1370
17.1250,-0.3827,-2.9255,-1.3283
17.1375,-0.4187,-2.8783,-1.5177
17.1500,-0.4540,-2.8262,-1.7047
17.1625,-0.4886,-2.7706,-1.8890
17.1750,-0.5225,-2.7099,-2.0705
17.1875,-0.5556,-2.6459,-2.2487
17.2000,-0.5878,-2.5774,-2.4235
17.2125,-0.6191,-2.5045,-2.5946
17.2250,-0.6494,-2.4285,-2.7615
17.2375,-0.6788,-2.3480,-2.9244
17.2500,-0.7071,-2.2646,-3.0826
17.2625,-0.7343,-2.1774,-3.2361
17.2750,-0.7604,-2.0865,-3.3847
17.2875,-0.7853,-1.9930,-3.5280
17.3000,-0.8090,-1.8958,-3.6659
17.3125,-0.8315,-1.7963,-3.7981
17.3250,-0.8526,-1.6937,-3.9245
17.3375,-0.8725,-1.5883,-4.0448
17.3500,-0.8910,-1.4809,-4.1588
17.3625,-0.9081,-1.3708,-4.2665
17.3750,-0.9239,-1.2590,-4.3676
17.3875,-0.9382,-1.1450,-4.4620
17.4000,-0.9511,-1.0291,-4.5495
17.4125,-0.9625,-0.9120,-4.6299
17.4250,-0.9724,-0.7931,-4.7032
17.4375,-0.9808,-0.6733,-4.7693
17.4500,-0.9877,-0.5523,-4.8280
17.4625,-0.9931,-0.4304,-4.8793
17.4750,-0.9969,-0.3079,-4.9230
17.4875,-0.9992,-0.1849,-4.9592
17.5000,-1.0000,-0.0617,-4.9877
17.5125,-0.9992,0.0617,-5.0085
17.5250,-0.9969,0.1849,-5.0216
17.5375,-0.9931,0.3079,-5.0269
17.5500,-0.9877,0.4304,-5.0245
17.5625,-0.9808,0.5523,-5.0144
17.5750,-0.9724,0.6733,-4.9965
17.5875,-0.9625,0.7931,-4.9709
17.6000,-0.9511,0.9120,-4.9377
17.6125,-0.9382,1.0291,-4.8968
17.6250,-0.9239,1.1450,-4.8484
17.6375,-0.9081,1.2590,-4.7925
17.6500,-0.8910,1.3708,-4.7292
17.6625,-0.8725,1.4809,-4.6587
17.6750,-0.8526,1.5883,-4.5809
17.6875,-0.8315,1.6937,-4.4961
17.7000,-0.8090,1.7963,-4.4043
17.7125,-0.7853,1.8958,-4.3058
17.7250,-0.7604,1.9930,-4.2006
17.7375,-0.7343,2.0865,-4.0889
17.7500,-0.7071,2.1774,-3.9710
17.7625,-0.6788,2.2646,-3.8469
17.7750,-0.6494,2.3480,-3.7168
17.7875,-0.6191,2.4285,-3.5812
17.8000,-0.5878,2.5045,-3.4398
17.8125,-0.5556,2.5774,-3.2933
17.8250,-0.5225,2.6459,-3.1417
17.8375,-0.4886,2.7099,-2.9851
17.8500,-0.4540,2.7706,-2.8241
17.8625,-0.4187,2.8262,-2.6586
17.8750,-0.3827,2.8783,-2.4891
17.8875,-0.3461,2.9255,-2.3157
17.9000,-0.3090,2.9677,-2.1386
17.9125,-0.2714,3.0063,-1.9585
17.9250,-0.2334,3.0393,-1.7751
17.9375,-0.1951,3.0686,-1.5892
17.9500,-0.1564,3.0927,-1.4007
17.9625,-0.1175,3.1115,-1.2100
17.9750,-0.0785,3.1265,-1.0176
17.9875,-0.0393,3.1357,-0.8234
18.0000,-0.0000,3.1410,-0.6282
18.0125,0.0393,3.1410,-0.4319
18.0250,0.0785,3.1357,-0.2348
18.0375,0.1175,3.1265,-0.0376
18.0500,0.1564,3.1115,0.1599
18.0625,0.1951,3.0927,0.3569
18.0750,0.2334,3.0686,0.5535
18.0875,0.2714,3.0393,0.7493
18.1000,0.3090,3.0063,0.9438
18.1125,0.3461,2.9677,1.1370
18.1250,0.3827,2.9255,1.3283
18.1375,0.4187,2.8783,1.5177
18.1500,0.4540,2.8262,1.7047
18.1625,0.4886,2.7706,1.8890
18.1750,0.5225,2.7099,2.0705
18.1875,0.5556,2.6459,2.2487
18.2000,0.5878,2.5774,2.4235
18.2125,0.6191,2.5045,2.5946
18.2250,0.6494,2.4285,2.7615
18.2375,0.6788,2.3480,2.9244
18.2500,0.7071,2.2646,3.0826
18.2625,0.7343,2.1774,3.2361
18.2750,0.7604,2.0865,3.3847
18.2875,0.7853,1.9930,3.5280
18.3000,0.8090,1.8958,3.6659
18.3125,0.8315,1.7963,3.7981
18.3250,0.8526,1.6937,3.9245
18.3375,0.8725,1.5883,4.0448
18.3500,0.8910,1.4809,4.1588
18.3625,0.9081,1.3708,4.2665
18.3750,0.9239,1.2590,4.3676
18.3875,0.9382,1.1450,4.4620
18.4000,0.9511,1.0291,4.5495
18.4125,0.9625,0.9120,4.6299
18.4250,0.9724,0.7931,4.7032
18.4375,0.9808,0.6733,4.7693
18.4500,0.9877,0.5523,4.8280
18.4625,0.9931,0.4304,4.8793
18.4750,0.9969,0.3079,4.9230
18.4875,0.9992,0.1849,4.9592
18.5000,1.0000,0.0617,4.9877
18.5125,0.9992,-0.0617,5.0085
18.5250,0.9969,-0.1849,5.0216
18.5375,0.9931,-0.3079,5.0269
18.5500,0.9877,-0.4304,5.0245
18.5625,0.9808,-0.5523,5.0144
18.5750,0.9724,-0.6733,4.9965
18.5875,0.9625,-0.7931,4.9709
18.6000,0.9511,-0.9120,4.9377
18.6125,0.9382,-1.0291,4.8968
18.6250,0.9239,-1.1450,4.8484
18.6375,0.9081,-1.2590,4.7925
18.6500,0.8910,-1.3708,4.7292
18.6625,0.8725,-1.4809,4.6587
18.6750,0.8526,-1.5883,4.5809
18.6875,0.8315,-1.6937,4.4961
18.7000,0.8090,-1.7963,4.4043
18.7125,0.7853,-1.8958,4.3058
18.7250,0.7604,-1.9930,4.2006
18.7375,0.7343,-2.0865,4.0889
18.7500,0.7071,-2.1774,3.9710
18.7625,0.6788,-2.2646,3.8469
18.7750,0.6494,-2.3480,3.7168
18.7875,0.6191,-2.4285,3.5812
18.8000,0.5878,-2.5045,3.4398
18.8125,0.5556,-2.5774,3.2933
18.8250,0.5225,-2.6459,3.1417
18.8375,0.4886,-2.7099,2.9851
18.8500,0.4540,-2.7706,2.8241
18.8625,0.4187,-2.8262,2.6586
18.8750,0.3827,-2.8783,2.4891
18.8875,0.3461,-2.9255,2.3157
18.9000,0.3090,-2.9677,2.1386
18.9125,0.2714,-3.0063,1.9585
18.9250,0.2334,-3.0393,1.7751
18.9375,0.1951,-3.0686,1.5892
18.9500,0.1564,-3.0927,1.4007
18.9625,0.1175,-3.1115,1.2100
18.9750,0.0785,-3.1265,1.0176
18.9875,0.0393,-3.1357,0.8234
19.0000,0.0000,-3.1410,0.6282
19.0125,-0.0393,-3.1410,0.4319
19.0250,-0.0785,-3.1357,0.2348
19.0375,-0.1175,-3.1265,0.0376
19.0500,-0.1564,-3.1115,-0.1599
19.0625,-0.1951,-3.0927,-0.3569
19.0750,-0.2334,-3.0686,-0.5535
19.0875,-0.2714,-3.0393,-0.7493
19.1000,-0.3090,-3.0063,-0.9438
19.1125,-0.3461,-2.9677,-1.1370
19.1250,-0.3827,-2.9255,-1.3283
19.1375,-0.4187,-2.8783,-1.5177
19.1500,-0.4540,-2.8262,-1.7047
19.1625,-0.4886,-2.7706,-1.8890
19.1750,-0.5225,-2.7099,-2.0705
19.1875,-0.5556,-2.6459,-2.2487
19.2000,-0.5878,-2.5774,-2.4235
19.2125,-0.6191,-2.5045,-2.5946
19.2250,-0.6494,-2.4285,-2.7615
19.2375,-0.6788,-2.3480,-2.9244
19.2500,-0.7071,-2.2646,-3.0826
19.2625,-0.7343,-2.1774,-3.2361
19.2750,-0.7604,-2.0865,-3.3847
19.2875,-0.7853,-1.9930,-3.5280
19.3000,-0.8090,-1.8958,-3.6659
19.3125,-0.8315,-1.7963,-3.7981
19.3250,-0.8526,-1.6937,-3.9245
19.3375,-0.8725,-1.5883,-4.0448
19.3500,-0.8910,-1.4809,-4.1588
19.3625,-0.9081,-1.3708,-4.2665
19.3750,-0.9239,-1.2590,-4.3676
19.3875,-0.9382,-1.1450,-4.4620
19.4000,-0.9511,-1.0291,-4.5495
19.4125,-0.9625,-0.9120,-4.6299
19.4250,-0.9724,-0.7931,-4.7032
19.4375,-0.9808,-0.6733,-4.7693
19.4500,-0.9877,-0.5523,-4.8280
19.4625,-0.9931,-0.4304,-4.8793
19.4750,-0.9969,-0.3079,-4.9230
19.4875,-0.9992,-0.1849,-4.9592
19.5000,-1.0000,-0.0617,-4.9877
19.5125,-0.9992,0.0617,-5.0085
19.5250,-0.9969,0.1849,-5.0216
19.5375,-0.9931,0.3079,-5.0269
19.5500,-0.9877,0.4304,-5.0245
19.5625,-0.9808,0.5523,-5.0144
19.5750,-0.9724,0.6733,-4.9965
19.5875,-0.9625,0.7931,-4.9709
19.6000,-0.9511,0.9120,-4.9377
19.6125,-0.9382,1.0291,-4.8968
19.6250,-0.9239,1.1450,-4.8484
19.6375,-0.9081,1.2590,-4.7925
19.6500,-0.8910,1.3708,-4.7292
19.6625,-0.8725,1.4809,-4.6587
19.6750,-0.8526,1.5883,-4.5809
19.6875,-0.8315,1.6937,-4.4961
19.7000,-0.8090,1.7963,-4.4043
19.7125,-0.7853,1.8958,-4.3058
19.7250,-0.7604,1.9930,-4.2006
19.7375,-0.7343,2.0865,-4.0889
19.7500,-0.7071,2.1774,-3.9710
19.7625,-0.6788,2.2646,-3.8469
19.7750,-0.6494,2.3480,-3.7168
19.7875,-0.6191,2.4285,-3.5812
19.8000,-0.5878,2.5045,-3.4398
19.8125,-0.5556,2.5774,-3.2933
19.8250,-0.5225,2.6459,-3.1417
19.8375,-0.4886,2.7099,-2.9851
19.8500,-0.4540,2.7706,-2.8241
19.8625,-0.4187,2.8262,-2.6586
19.8750,-0.3827,2.8783,-2.4891
19.8875,-0.3461,2.9255,-2.3157
19.9000,-0.3090,2.9677,-2.1386
19.9125,-0.2714,3.0063,-1.9585
19.9250,-0.2334,3.0393,-1.7751
19.9375,-0.1951,3.0686,-1.5892
19.9500,-0.1564,3.0927,-1.4007
19.9625,-0.1175,3.1115,-1.2100
19.9750,-0.0785,3.1265,-1.0176
19.9875,-0.0393,3.1357,-0.8234
20.0000,-0.0000,3.1410,-0.6282
20.0125,0.0393,3.1410,-0.4319
20.0250,0.0785,3.1357,-0.2348
20.0375,0.1175,3.1265,-0.0376
20.0500,0.1564,3.1115,0.1599
20.0625,0.1951,3.0927,0.3569
20.0750,0.2334,3.0686,0.5535
20.0875,0.2714,3.0393,0.7493
20.1000,0.3090,3.0063,0.9438
20.1125,0.3461,2.9677,1.1370
20.1250,0.3827,2.9255,1.3283
20.1375,0.4187,2.8783,1.5177
20.1500,0.4540,2.8262,1.7047
20.1625,0.4886,2.7706,1.8890
20.1750,0.5225,2.7099,2.0705
20.1875,0.5556,2.6459,2.2487
20.2000,0.5878,2.5774,2.4235
20.2125,0.6191,2.5045,2.5946
20.2250,0.6494,2.4285,2.7615
20.2375,0.6788,2.3480,2.9244
20.2500,0.7071,2.2646,3.0826
20.2625,0.7343,2.1774,3.2361
20.2750,0.7604,2.0865,3.3847
20.2875,0.7853,1.9930,3.5280
20.3000,0.8090,1.8958,3.6659
20.3125,0.8315,1.7963,3.7981
20.3250,0.8526,1.6937,3.9245
20.3375,0.8725,1.5883,4.0448
20.3500,0.8910,1.4809,4.1588
20.3625,0.9081,1.3708,4.2665
20.3750,0.9239,1.2590,4.3676
20.3875,0.9382,1.1450,4.4620
20.4000,0.9511,1.0291,4.5495
20.4125,0.9625,0.9120,4.6299
20.4250,0.9724,0.7931,4.7032
20.4375,0.9808,0.6733,4.7693
20.4500,0.9877,0.5523,4.8280
20.4625,0.9931,0.4304,4.8793
20.4750,0.9969,0.3079,4.9230
20.4875,0.9992,0.1849,4.9592
20.5000,1.0000,0.0617,4.9877
20.5125,0.9992,-0.0617,5.0085
20.5250,0.9969,-0.1849,5.0216
20.5375,0.9931,-0.3079,5.0269
20.5500,0.9877,-0.4304,5.0245
20.5625,0.9808,-0.5523,5.0144
20.5750,0.9724,-0.6733,4.9965
20.5875,0.9625,-0.7931,4.9709
20.6000,0.9511,-0.9120,4.9377
20.6125,0.9382,-1.0291,4.8968
20.6250,0.9239,-1.1450,4.8484
20.6375,0.9081,-1.2590,4.7925
20.6500,0.8910,-1.3708,4.7292
20.6625,0.8725,-1.4809,4.6587
20.6750,0.8526,-1.5883,4.5809
20.6875,0.8315,-1.6937,4.4961
20.7000,0.8090,-1.7963,4.4043
20.7125,0.7853,-1.8958,4.3058
20.7250,0.7604,-1.9930,4.2006
20.7375,0.7343,-2.0865,4.0889
20.7500,0.7071,-2.1774,3.9710
20.7625,0.6788,-2.2646,3.8469
20.7750,0.6494,-2.3480,3.7168
20.7875,0.6191,-2.4285,3.5812
20.8000,0.5878,-2.5045,3.4398
20.8125,0.5556,-2.5774,3.2933
20.8250,0.5225,-2.6459,3.1417
20.8375,0.4886,-2.7099,2.9851
20.8500,0.4540,-2.7706,2.8241
20.8625,0.4187,-2.8262,2.6586
20.8750,0.3827,-2.8783,2.4891
20.8875,0.3461,-2.9255,2.3157
20.9000,0.3090,-2.9677,2.1386
20.9125,0.2714,-3.0063,1.9585
20.9250,0.2334,-3.0393,1.7751
20.9375,0.1951,-3.0686,1.5892
20.9500,0.1564,-3.0927,1.4007
20.9625,0.1175,-3.1115,1.2100
20.9750,0.0785,-3.1265,1.0176
20.9875,0.0393,-3.1357,0.8234
21.0000,-0.0000,-3.1410,0.6282
21.0125,-0.0393,-3.1410,0.4319
21.0250,-0.0785,-3.1357,0.2348
21.0375,-0.1175,-3.1265,0.0376
21.0500,-0.1564,-3.1115,-0.1599
21.0625,-0.1951,-3.0927,-0.3569
21.0750,-0.2334,-3.0686,-0.5535
21.0875,-0.2714,-3.0393,-0.7493
21.1000,-0.3090,-3.0063,-0.9438
21.1125,-0.3461,-2.9677,-1.1370
21.1250,-0.3827,-2.9255,-1.3283
21.1375,-0.4187,-2.8783,-1.5177
21.1500,-0.4540,-2.8262,-1.7047
21.1625,-0.4886,-2.7706,-1.8890
21.1750,-0.5225,-2.7099,-2.0705
21.1875,-0.5556,-2.6459,-2.2487
21.2000,-0.5878,-2.5774,-2.4235
21.2125,-0.6191,-2.5045,-2.5946
21.2250,-0.6494,-2.4285,-2.7615
21.2375,-0.6788,-2.3480,-2.9244
21.2500,-0.7071,-2.2646,-3.0826
21.2625,-0.7343,-2.1774,-3.2361
21.2750,-0.7604,-2.0865,-3.3847
21.2875,-0.7853,-1.9930,-3.5280
21.3000,-0.8090,-1.8958,-3.6659
21.3125,-0.8315,-1.7963,-3.7981
21.3250,-0.8526,-1.6937,-3.9245
21.3375,-0.8725,-1.5883,-4.0448
21.3500,-0.8910,-1.4809,-4.1588
21.3625,-0.9081,-1.3708,-4.2665
21.3750,-0.9239,-1.2590,-4.3676
21.3875,-0.9382,-1.1450,-4.4620
21.4000,-0.9511,-1.0291,-4.5495
21.4125,-0.9625,-0.9120,-4.6299
21.4250,-0.9724,-0.7931,-4.7032
21.4375,-0.9808,-0.6733,-4.7693
21.4500,-0.9877,-0.5523,-4.8280
21.4625,-0.9931,-0.4304,-4.8793
21.4750,-0.9969,-0.3079,-4.9230
21.4875,-0.9992,-0.1849,-4.9592
21.5000,-1.0000,-0.0617,-4.9877
21.5125,-0.9992,0.0617,-5.0085
21.5250,-0.9969,0.1849,-5.0216
21.5375,-0.9931,0.3079,-5.0269
21.5500,-0.9877,0.4304,-5.0245
21.5625,-0.9808,0.5523,-5.0144
21.5750,-0.9724,0.6733,-4.9965
21.5875,-0.9625,0.7931,-4.9709
21.6000,-0.9511,0.9120,-4.9377
21.6125,-0.9382,1.0291,-4.8968
21.6250,-0.9239,1.1450,-4.8484
21.6375,-0.9081,1.2590,-4.7925
21.6500,-0.8910,1.3708,-4.7292
21.6625,-0.8725,1.4809,-4.6587
21.6750,-0.8526,1.5883,-4.5809
21.6875,-0.8315,1.6937,-4.4961
21.7000,-0.8090,1.7963,-4.4043
21.7125,-0.7853,1.8958,-4.3058
21.7250,-0.7604,1.9930,-4.2006
21.7375,-0.7343,2.0865,-4.0889
21.7500,-0.7071,2.1774,-3.9710
21.7625,-0.6788,2.2646,-3.8469
21.7750,-0.6494,2.3480,-3.7168
21.7875,-0.6191,2.4285,-3.5812
21.8000,-0.5878,2.5045,-3.4398
21.8125,-0.5556,2.5774,-3.2933
21.8250,-0.5225,2.6459,-3.1417
21.8375,-0.4886,2.7099,-2.9851
21.8500,-0.4540,2.7706,-2.8241
21.8625,-0.4187,2.8262,-2.6586
21.8750,-0.3827,2.8783,-2.4891
21.8875,-0.3461,2.9255,-2.3157
21.9000,-0.3090,2.9677,-2.1386
21.9125,-0.2714,3.0063,-1.9585
21.9250,-0.2334,3.0393,-1.7751
21.9375,-0.1951,3.0686,-1.5892
21.9500,-0.1564,3.0927,-1.4007
21.9625,-0.1175,3.1115,-1.2100
21.9750,-0.0785,3.1265,-1.0176
21.9875,-0.0393,3.1357,-0.8234
22.0000,-0.0000,3.1410,-0.6282
22.0125,0.0393,3.1410,-0.4319
22.0250,0.0785,3.1357,-0.2348
22.0375,0.1175,3.1265,-0.0376
22.0500,0.1564,3.1115,0.1599
22.0625,0.1951,3.0927,0.3569
22.0750,0.2334,3.0686,0.5535
22.0875,0.2714,3.0393,0.7493
22.1000,0.3090,3.0063,0.9438
22.1125,0.3461,2.9677,1.1370
22.1250,0.3827,2.9255,1.3283
22.1375,0.4187,2.8783,1.5177
22.1500,0.4540,2.8262,1.7047
22.1625,0.4886,2.7706,1.8890
22.1750,0.5225,2.7099,2.0705
22.1875,0.5556,2.6459,2.2487
22.2000,0.5878,2.5774,2.4235
22.2125,0.6191,2.5045,2.5946
22.2250,0.6494,2.4285,2.7615
22.2375,0.6788,2.3480,2.9244
22.2500,0.7071,2.2646,3.0826
22.2625,0.7343,2.1774,3.2361
22.2750,0.7604,2.0865,3.3847
22.2875,0.7853,1.9930,3.5280
22.3000,0.8090,1.8958,3.6659
22.3125,0.8315,1.7963,3.7981
22.3250,0.8526,1.6937,3.9245
22.3375,0.8725,1.5883,4.0448
22.3500,0.8910,1.4809,4.1588
22.3625,0.9081,1.3708,4.2665
22.3750,0.9239,1.2590,4.3676
22.3875,0.9382,1.1450,4.4620
22.4000,0.9511,1.0291,4.5495
22.4125,0.9625,0.9120,4.6299
22.4250,0.9724,0.7931,4.7032
22.4375,0.9808,0.6733,4.7693
22.4500,0.9877,0.5523,4.8280
22.4625,0.9931,0.4304,4.8793
22.4750,0.9969,0.3079,4.9230
22.4875,0.9992,0.1849,4.9592
22.5000,1.0000,0.0617,4.9877
22.5125,0.9992,-0.0617,5.0085
22.5250,0.9969,-0.1849,5.0216
22.5375,0.9931,-0.3079,5.0269
22.5500,0.9877,-0.4304,5.0245
22.5625,0.9808,-0.5523,5.0144
22.5750,0.9724,-0.6733,4.9965
22.5875,0.9625,-0.7931,4.9709
22.6000,0.9511,-0.9120,4.9377
22.6125,0.9382,-1.0291,4.8968
22.6250,0.9239,-1.1450,4.8484
22.6375,0.9081,-1.2590,4.7925
22.6500,0.8910,-1.3708,4.7292
22.6625,0.8725,-1.4809,4.6587
22.6750,0.8526,-1.5883,4.5809
22.6875,0.8315,-1.6937,4.4961
22.7000,0.8090,-1.7963,4.4043
22.7125,0.7853,-1.8958,4.3058
22.7250,0.7604,-1.9930,4.2006
22.7375,0.7343,-2.0865,4.0889
22.7500,0.7071,-2.1774,3.9710
22.7625,0.6788,-2.2646,3.8469
22.7750,0.6494,-2.3480,3.7168
22.7875,0.6191,-2.4285,3.5812
22.8000,0.5878,-2.5045,3.4398
22.8125,0.5556,-2.5774,3.2933
22.8250,0.5225,-2.6459,3.1417
22.8375,0.4886,-2.7099,2.9851
22.8500,0.4540,-2.7706,2.8241
22.8625,0.4187,-2.8262,2.6586
22.8750,0.3827,-2.8783,2.4891
22.8875,0.3461,-2.9255,2.3157
22.9000,0.3090,-2.9677,2.1386
22.9125,0.2714,-3.0063,1.9585
22.9250,0.2334,-3.0393,1.7751
22.9375,0.1951,-3.0686,1.5892
22.9500,0.1564,-3.0927,1.4007
22.9625,0.1175,-3.1115,1.2100
22.9750,0.0785,-3.1265,1.0176
22.9875,0.0393,-3.1357,0.8234
23.0000,0.0000,-3.1410,0.6282
23.0125,-0.0393,-3.1410,0.4319
23.0250,-0.0785,-3.1357,0.2348
23.0375,-0.1175,-3.1265,0.0376
23.0500,-0.1564,-3.1115,-0.1599
23.0625,-0.1951,-3.0927,-0.3569
23.0750,-0.2334,-3.0686,-0.5535
23.0875,-0.2714,-3.0393,-0.7493
23.1000,-0.3090,-3.0063,-0.9438
23.1125,-0.3461,-2.9677,-1.1370
23.1250,-0.3827,-2.9255,-1.3283
23.1375,-0.4187,-2.8783,-1.5177
23.1500,-0.4540,-2.8262,-1.7047
23.1625,-0.4886,-2.7706,-1.8890
23.1750,-0.5225,-2.7099,-2.0705
23.1875,-0.5556,-2.6459,-2.2487
23.2000,-0.5878,-2.5774,-2.4235
23.2125,-0.6191,-2.5045,-2.5946
23.2250,-0.6494,-2.4285,-2.7615
23.2375,-0.6788,-2.3480,-2.9244
23.2500,-0.7071,-2.2646,-3.0826
23.2625,-0.7343,-2.1774,-3.2361
23.2750,-0.7604,-2.0865,-3.3847
23.2875,-0.7853,-1.9930,-3.5280
23.3000,-0.8090,-1.8958,-3.6659
23.3125,-0.8315,-1.7963,-3.7981
23.3250,-0.8526,-1.6937,-3.9245
23.3375,-0.8725,-1.5883,-4.0448
23.3500,-0.8910,-1.4809,-4.1588
23.3625,-0.9081,-1.3708,-4.2665
23.3750,-0.9239,-1.2590,-4.3676
23.3875,-0.9382,-1.1450,-4.4620
23.4000,-0.9511,-1.0291,-4.5495
23.4125,-0.9625,-0.9120,-4.6299
23.4250,-0.9724,-0.7931,-4.7032
23.4375,-0.9808,-0.6733,-4.7693
23.4500,-0.9877,-0.5523,-4.8280
23.4625,-0.9931,-0.4304,-4.8793
23.4750,-0.9969,-0.3079,-4.9230
23.4875,-0.9992,-0.1849,-4.9592
23.5000,-1.0000,-0.0617,-4.9877
23.5125,-0.9992,0.0617,-5.0085
23.5250,-0.9969,0.1849,-5.0216
23.5375,-0.9931,0.3079,-5.0269
23.5500,-0.9877,0.4304,-5.0245
23.5625,-0.9808,0.5523,-5.0144
23.5750,-0.9724,0.6733,-4.9965
23.5875,-0.9625,0.7931,-4.9709
23.6000,-0.9511,0.9120,-4.9377
23.6125,-0.9382,1.0291,-4.8968
23.6250,-0.9239,1.1450,-4.8484
23.6375,-0.9081,1.2590,-4.7925
23.6500,-0.8910,1.3708,-4.7292
23.6625,-0.8725,1.4809,-4.6587
23.6750,-0.8526,1.5883,-4.5809
23.6875,-0.8315,1.6937,-4.4961
23.7000,-0.8090,1.7963,-4.4043
23.7125,-0.7853,1.8958,-4.3058
23.7250,-0.7604,1.9930,-4.2006
23.7375,-0.7343,2.0865,-4.0889
23.7500,-0.7071,2.1774,-3.9710
23.7625,-0.6788,2.2646,-3.8469
23.7750,-0.6494,2.3480,-3.7168
23.7875,-0.6191,2.4285,-3.5812
23.8000,-0.5878,2.5045,-3.4398
23.8125,-0.5556,2.5774,-3.2933
23.8250,-0.5225,2.6459,-3.1417
23.8375,-0.4886,2.7099,-2.9851
23.8500,-0.4540,2.7706,-2.8241
23.8625,-0.4187,2.8262,-2.6586
23.8750,-0.3827,2.8783,-2.4891
23.8875,-0.3461,2.9255,-2.3157
23.9000,-0.3090,2.9677,-2.1386
23.9125,-0.2714,3.0063,-1.9585
23.9250,-0.2334,3.0393,-1.7751
23.9375,-0.1951,3.0686,-1.5892
23.9500,-0.1564,3.0927,-1.4007
23.9625,-0.1175,3.1115,-1.2100
23.9750,-0.0785,3.1265,-1.0176
23.9875,-0.0393,3.1357,-0.8234
24.0000,-0.0000,3.1410,-0.6282
24.0125,0.0393,3.1410,-0.4319
24.0250,0.0785,3.1357,-0.2348
24.0375,0.1175,3.1265,-0.0376
24.0500,0.1564,3.1115,0.1599
24.0625,0.1951,3.0927,0.3569
24.0750,0.2334,3.0686,0.5535
24.0875,0.2714,3.0393,0.7493
24.1000,0.3090,3.0063,0.9438
24.1125,0.3461,2.9677,1.1370
24.1250,0.3827,2.9255,1.3283
24.1375,0.4187,2.8783,1.5177
24.1500,0.4540,2.8262,1.7047
24.1625,0.4886,2.7706,1.8890
24.1750,0.5225,2.7099,2.0705
24.1875,0.5556,2.6459,2.2487
24.2000,0.5878,2.5774,2.4235
24.2125,0.6191,2.5045,2.5946
24.2250,0.6494,2.4285,2.7615
24.2375,0.6788,2.3480,2.9244
24.2500,0.7071,2.2646,3.0826
24.2625,0.7343,2.1774,3.2361
24.2750,0.7604,2.0865,3.3847
24.2875,0.7853,1.9930,3.5280
24.3000,0.8090,1.8958,3.6659
24.3125,0.8315,1.7963,3.7981
24.3250,0.8526,1.6937,3.9245
24.3375,0.8725,1.5883,4.0448
24.3500,0.8910,1.4809,4.1588
24.3625,0.9081,1.3708,4.2665
24.3750,0.9239,1.2590,4.3676
24.3875,0.9382,1.1450,4.4620
24.4000,0.9511,1.0291,4.5495
24.4125,0.9625,0.9120,4.6299
24.4250,0.9724,0.7931,4.7032
24.4375,0.9808,0.6733,4.7693
24.4500,0.9877,0.5523,4.8280
24.4625,0.9931,0.4304,4.8793
24.4750,0.9969,0.3079,4.9230
24.4875,0.9992,0.1849,4.9592
24.5000,1.0000,0.0617,4.9877
24.5125,0.9992,-0.0617,5.0085
24.5250,0.9969,-0.1849,5.0216
24.5375,0.9931,-0.3079,5.0269
24.5500,0.9877,-0.4304,5.0245
24.5625,0.9808,-0.5523,5.0144
24.5750,0.9724,-0.6733,4.9965
24.5875,0.9625,-0.7931,4.9709
24.6000,0.9511,-0.9120,4.9377
24.6125,0.9382,-1.0291,4.8968
24.6250,0.9239,-1.1450,4.8484
24.6375,0.9081,-1.2590,4.7925
24.6500,0.8910,-1.3708,4.7292
24.6625,0.8725,-1.4809,4.6587
24.6750,0.8526,-1.5883,4.5809
24.6875,0.8315,-1.6937,4.4961
24.7000,0.8090,-1.7963,4.4043
24.7125,0.7853,-1.8958,4.3058
24.7250,0.7604,-1.9930,4.2006
24.7375,0.7343,-2.0865,4.0889
24.7500,0.7071,-2.1774,3.9710
24.7625,0.6788,-2.2646,3.8469
24.7750,0.6494,-2.3480,3.7168
24.7875,0.6191,-2.4285,3.5812
24.8000,0.5878,-2.5045,3.4398
24.8125,0.5556,-2.5774,3.2933
24.8250,0.5225,-2.6459,3.1417
24.8375,0.4886,-2.7099,2.9851
24.8500,0.4540,-2.7706,2.8241
24.8625,0.4187,-2.8262,2.6586
24.8750,0.3827,-2.8783,2.4891
24.8875,0.3461,-2.9255,2.3157
24.9000,0.3090,-2.9677,2.1386
24.9125,0.2714,-3.0063,1.9585
24.9250,0.2334,-3.0393,1.7751
24.9375,0.1951,-3.0686,1.5892
24.9500,0.1564,-3.0927,1.4007
24.9625,0.1175,-3.1115,1.2100
24.9750,0.0785,-3.1265,1.0176
24.9875,0.0393,-3.1357,0.8234
25.0000,-0.0000,-3.1410,0.6282
